date,symbol,action,source
2013-07-17,20MICRONS,IN,nse_inclexcl
2013-09-27,20MICRONS,OUT,nse_inclexcl
2020-06-26,360ONE,IN,nse_inclexcl
2023-04-04,360ONE,IN,snapshot_diff
2009-12-22,3IINFOLTD,IN,nse_inclexcl
2012-09-28,3IINFOLTD,OUT,nse_inclexcl
2013-06-21,3IINFOLTD,IN,nse_inclexcl
2013-09-27,3IINFOLTD,OUT,nse_inclexcl
1998-08-01,3MINDIA,IN,nse_inclexcl
2005-12-08,63MOONS,IN,nse_inclexcl
2016-09-30,63MOONS,OUT,nse_inclexcl
2026-05-30,AADHARHFC,IN,snapshot_diff
2016-04-01,AARTIDRUGS,IN,nse_inclexcl
2016-09-30,AARTIDRUGS,OUT,nse_inclexcl
2022-05-04,AARTIDRUGS,IN,snapshot_diff
2026-05-30,AARTIDRUGS,OUT,snapshot_diff
2005-04-20,AARTIIND,IN,nse_inclexcl
2019-03-29,AARTIIND,OUT,nse_inclexcl
2019-12-27,AARTIIND,IN,nse_inclexcl
2022-10-09,AARTIIND,OUT,snapshot_diff
2023-04-04,AARTIIND,IN,snapshot_diff
2019-03-29,AAVAS,IN,nse_inclexcl
1998-08-01,ABAN,IN,nse_inclexcl
2018-09-28,ABAN,OUT,nse_inclexcl
1998-08-01,ABB,IN,nse_inclexcl
2019-09-27,ABB,OUT,nse_inclexcl
2020-06-26,ABB,IN,nse_inclexcl
1998-08-01,ABBOTINDIA,IN,nse_inclexcl
2003-04-01,ABBOTINDIA,OUT,nse_inclexcl
2019-09-27,ABBOTINDIA,IN,nse_inclexcl
2018-04-02,ABCAPITAL,IN,nse_inclexcl
2026-05-30,ABDL,IN,snapshot_diff
2016-04-01,ABFRL,IN,nse_inclexcl
1998-08-01,ABIRLANUVO,IN,nse_inclexcl
2015-10-19,ABIRLANUVO,OUT,nse_inclexcl
2016-09-30,ABIRLANUVO,IN,nse_inclexcl
2017-05-26,ABIRLANUVO,OUT,nse_inclexcl
2026-05-30,ABLBL,IN,snapshot_diff
1998-08-01,ABREL,IN,nse_inclexcl
2018-12-28,ABREL,OUT,nse_inclexcl
2020-06-26,ABREL,IN,nse_inclexcl
2026-05-30,ABREL,IN,snapshot_diff
2022-05-04,ABSLAMC,IN,snapshot_diff
2023-04-04,ABSLAMC,OUT,snapshot_diff
2026-05-30,ABSLAMC,IN,snapshot_diff
1998-08-01,ACC,IN,nse_inclexcl
2001-04-25,ACCELYA,IN,nse_inclexcl
2008-09-10,ACCELYA,OUT,nse_inclexcl
2026-05-30,ACE,IN,snapshot_diff
2023-04-04,ACI,IN,snapshot_diff
2026-05-30,ACI,OUT,snapshot_diff
2012-09-28,ACLGATI,IN,nse_inclexcl
2018-09-28,ACLGATI,OUT,nse_inclexcl
2026-05-30,ACMESOLAR,IN,snapshot_diff
2026-05-30,ACUTAAS,IN,snapshot_diff
2016-04-01,ADANIENSOL,IN,nse_inclexcl
2024-02-26,ADANIENSOL,IN,snapshot_diff
1998-08-01,ADANIENT,IN,nse_inclexcl
2015-05-29,ADANIENT,OUT,nse_inclexcl
2016-04-01,ADANIENT,IN,nse_inclexcl
2018-04-02,ADANIENT,OUT,nse_inclexcl
2022-05-04,ADANIENT,IN,snapshot_diff
2022-05-04,ADANIGAS,OUT,snapshot_diff
2018-12-28,ADANIGREEN,IN,nse_inclexcl
2008-04-24,ADANIPORTS,IN,nse_inclexcl
2010-04-15,ADANIPOWER,IN,nse_inclexcl
2014-09-19,ADANIPOWER,OUT,nse_inclexcl
2015-09-28,ADANIPOWER,IN,nse_inclexcl
2022-05-04,ADANIPOWER,OUT,snapshot_diff
2023-04-04,ADANIPOWER,IN,snapshot_diff
2024-02-26,ADANITRANS,OUT,snapshot_diff
1998-08-01,ADOR,IN,nse_inclexcl
2011-10-10,ADOR,OUT,nse_inclexcl
2011-03-25,ADSL,IN,nse_inclexcl
2012-04-27,ADSL,OUT,nse_inclexcl
2009-03-27,ADVANTA,IN,nse_inclexcl
2016-04-29,ADVANTA,OUT,nse_inclexcl
2022-10-09,ADVENZYMES,OUT,snapshot_diff
2026-05-30,AEGISCHEM,OUT,snapshot_diff
2016-04-01,AEGISLOG,IN,nse_inclexcl
2026-05-30,AEGISLOG,IN,snapshot_diff
2026-05-30,AEGISVOPAK,IN,snapshot_diff
2022-10-09,AETHER,IN,snapshot_diff
2026-05-30,AETHER,OUT,snapshot_diff
2026-05-30,AFCONS,IN,snapshot_diff
2019-12-26,AFFLE,IN,nse_inclexcl
2002-03-29,AFTEK,IN,nse_inclexcl
2011-10-10,AFTEK,OUT,nse_inclexcl
2005-09-26,AGI,IN,nse_inclexcl
2018-12-28,AGI,OUT,nse_inclexcl
2002-09-19,AGRODUTCH,IN,nse_inclexcl
2009-10-22,AGRODUTCH,OUT,nse_inclexcl
2016-04-01,AHLUCONT,IN,nse_inclexcl
2018-04-02,AHLUCONT,OUT,nse_inclexcl
2011-10-10,AIAENG,IN,nse_inclexcl
2026-05-30,AIIL,IN,snapshot_diff
2007-01-24,AJMERA,IN,nse_inclexcl
2009-05-11,AJMERA,OUT,nse_inclexcl
2010-04-08,AJRINFRA,IN,nse_inclexcl
2016-04-01,AJRINFRA,OUT,nse_inclexcl
2001-08-31,AKSHOPTFBR,IN,nse_inclexcl
2011-10-10,AKSHOPTFBR,OUT,nse_inclexcl
1998-08-01,AKZOINDIA,IN,nse_inclexcl
2022-05-04,AKZOINDIA,OUT,snapshot_diff
1998-08-01,ALEMBICLTD,IN,nse_inclexcl
2011-04-11,ALEMBICLTD,OUT,nse_inclexcl
2016-09-30,ALKEM,IN,nse_inclexcl
2020-06-26,ALKYLAMINE,IN,nse_inclexcl
2026-05-30,ALKYLAMINE,OUT,snapshot_diff
2007-04-04,ALLCARGO,IN,nse_inclexcl
2023-04-04,ALLCARGO,OUT,snapshot_diff
2024-02-26,ALLCARGO,IN,snapshot_diff
2026-05-30,ALLCARGO,OUT,snapshot_diff
2002-07-09,ALOKINDS,IN,nse_inclexcl
2017-03-31,ALOKINDS,OUT,nse_inclexcl
2022-05-04,ALOKINDS,IN,snapshot_diff
2023-04-04,ALOKINDS,OUT,snapshot_diff
2024-02-26,ALOKINDS,IN,snapshot_diff
2026-05-30,ALOKINDS,OUT,snapshot_diff
2024-02-26,AMARAJABAT,OUT,snapshot_diff
1998-08-01,AMBALALSA,IN,nse_inclexcl
2002-03-29,AMBALALSA,OUT,nse_inclexcl
2019-09-27,AMBER,IN,nse_inclexcl
1998-08-01,AMBUJACEM,IN,nse_inclexcl
1998-08-01,AMJLAND,IN,nse_inclexcl
2007-09-24,AMJLAND,OUT,nse_inclexcl
2026-05-30,ANANDRATHI,IN,snapshot_diff
2008-02-15,ANANTRAJ,IN,nse_inclexcl
2017-09-29,ANANTRAJ,OUT,nse_inclexcl
2026-05-30,ANANTRAJ,IN,snapshot_diff
2016-04-01,ANDHRAPAP,IN,nse_inclexcl
2017-03-31,ANDHRAPAP,OUT,nse_inclexcl
2022-05-04,ANGELONE,IN,snapshot_diff
2006-09-13,ANSALAPI,IN,nse_inclexcl
2015-09-28,ANSALAPI,OUT,nse_inclexcl
1998-08-01,ANSALHSG,IN,nse_inclexcl
1999-02-03,ANSALHSG,OUT,nse_inclexcl
2026-05-30,ANTHEM,IN,snapshot_diff
2022-05-04,ANURAS,IN,snapshot_diff
2014-09-19,APARINDS,IN,nse_inclexcl
2018-04-02,APARINDS,OUT,nse_inclexcl
2023-04-04,APARINDS,IN,snapshot_diff
2016-09-30,APLAPOLLO,IN,nse_inclexcl
2014-09-19,APLLTD,IN,nse_inclexcl
2026-05-30,APLLTD,OUT,snapshot_diff
1998-08-01,APOLLOHOSP,IN,nse_inclexcl
1998-08-01,APOLLOTYRE,IN,nse_inclexcl
1998-08-01,APPLEIND,IN,nse_inclexcl
2001-12-07,APPLEIND,OUT,nse_inclexcl
2003-05-02,APTECHT,IN,nse_inclexcl
2014-09-19,APTECHT,OUT,nse_inclexcl
2022-05-04,APTUS,IN,snapshot_diff
2000-05-24,AQYLON,IN,nse_inclexcl
2007-10-25,AQYLON,OUT,nse_inclexcl
1999-09-08,ARCHIES,IN,nse_inclexcl
2008-09-10,ARCHIES,OUT,nse_inclexcl
1999-05-26,ARE&M,IN,nse_inclexcl
2024-02-26,ARE&M,IN,snapshot_diff
2012-04-27,ARSHIYA,IN,nse_inclexcl
2013-09-27,ARSHIYA,OUT,nse_inclexcl
1998-08-01,ARVIND,IN,nse_inclexcl
2015-02-02,ARVIND,OUT,nse_inclexcl
2015-12-14,ARVIND,IN,nse_inclexcl
2018-06-29,ARVIND,OUT,nse_inclexcl
2019-09-27,ARVINDFASN,IN,nse_inclexcl
2022-05-04,ARVINDFASN,OUT,snapshot_diff
2002-09-19,ASAHIINDIA,IN,nse_inclexcl
2016-04-01,ASAHIINDIA,OUT,nse_inclexcl
2017-01-23,ASAHIINDIA,IN,nse_inclexcl
2017-09-29,ASAHIINDIA,OUT,nse_inclexcl
2018-04-02,ASAHIINDIA,IN,nse_inclexcl
2018-09-28,ASAHIINDIA,OUT,nse_inclexcl
2019-12-27,ASAHIINDIA,IN,nse_inclexcl
2020-09-14,ASAHIINDIA,OUT,nse_inclexcl
2016-04-01,ASHIANA,IN,nse_inclexcl
2016-09-30,ASHIANA,OUT,nse_inclexcl
1999-05-26,ASHIMASYN,IN,nse_inclexcl
2005-09-26,ASHIMASYN,OUT,nse_inclexcl
2014-09-19,ASHOKA,IN,nse_inclexcl
2022-05-04,ASHOKA,OUT,snapshot_diff
1998-08-01,ASHOKLEY,IN,nse_inclexcl
1998-08-01,ASIANHOTNR,IN,nse_inclexcl
2010-02-24,ASIANHOTNR,OUT,nse_inclexcl
1998-08-01,ASIANPAINT,IN,nse_inclexcl
1998-08-01,ASSAMCO,IN,nse_inclexcl
2002-07-09,ASSAMCO,OUT,nse_inclexcl
2018-06-29,ASTERDM,IN,nse_inclexcl
2014-09-19,ASTRAL,IN,nse_inclexcl
1998-08-01,ASTRAZEN,IN,nse_inclexcl
2018-04-02,ASTRAZEN,OUT,nse_inclexcl
2019-03-29,ASTRAZEN,IN,nse_inclexcl
2023-04-04,ASTRAZEN,OUT,snapshot_diff
1998-08-01,ATCOM,IN,nse_inclexcl
2004-12-10,ATCOM,OUT,nse_inclexcl
2019-09-27,ATGL,IN,nse_inclexcl
2022-05-04,ATGL,IN,snapshot_diff
2026-05-30,ATHERENERG,IN,snapshot_diff
1998-08-01,ATLASCYCLE,IN,nse_inclexcl
2007-04-04,ATLASCYCLE,OUT,nse_inclexcl
1998-08-01,ATUL,IN,nse_inclexcl
2017-11-13,AUBANK,IN,nse_inclexcl
1999-03-17,AUROPHARMA,IN,nse_inclexcl
1998-08-01,AUTOAXLES,IN,nse_inclexcl
2002-09-19,AUTOAXLES,OUT,nse_inclexcl
2004-03-15,AUTOAXLES,IN,nse_inclexcl
2016-04-01,AUTOAXLES,OUT,nse_inclexcl
1998-08-01,AUTOIND,IN,nse_inclexcl
1999-05-26,AUTOIND,OUT,nse_inclexcl
2012-09-28,AUTOIND,IN,nse_inclexcl
2013-09-27,AUTOIND,OUT,nse_inclexcl
2016-04-01,AVANTIFEED,IN,nse_inclexcl
2026-05-30,AVANTIFEED,OUT,snapshot_diff
2022-10-09,AWL,IN,snapshot_diff
2000-09-03,AXISBANK,IN,nse_inclexcl
2002-09-19,AXISCADES,IN,nse_inclexcl
2004-12-10,AXISCADES,OUT,nse_inclexcl
2001-12-07,AZTECSOFT,IN,nse_inclexcl
2009-06-23,AZTECSOFT,OUT,nse_inclexcl
2002-04-23,BAFNAPH,IN,nse_inclexcl
2011-03-25,BAFNAPH,OUT,nse_inclexcl
2014-09-19,BAFNAPH,IN,nse_inclexcl
1998-08-01,BAJAJ-AUTO,IN,nse_inclexcl
2008-03-14,BAJAJ-AUTO,OUT,nse_inclexcl
2008-09-10,BAJAJ-AUTO,IN,nse_inclexcl
2014-03-28,BAJAJCON,IN,nse_inclexcl
2022-05-04,BAJAJCON,OUT,snapshot_diff
2011-03-25,BAJAJELEC,IN,nse_inclexcl
2024-02-26,BAJAJELEC,OUT,snapshot_diff
2008-10-31,BAJAJFINSV,IN,nse_inclexcl
2026-05-30,BAJAJHFL,IN,snapshot_diff
1998-08-01,BAJAJHIND,IN,nse_inclexcl
2002-04-23,BAJAJHIND,OUT,nse_inclexcl
2003-09-29,BAJAJHIND,IN,nse_inclexcl
2018-09-28,BAJAJHIND,OUT,nse_inclexcl
2008-09-10,BAJAJHLDNG,IN,nse_inclexcl
1998-08-01,BAJFINANCE,IN,nse_inclexcl
2001-12-07,BALAJITELE,IN,nse_inclexcl
2012-04-27,BALAJITELE,OUT,nse_inclexcl
2022-05-04,BALAMINES,IN,snapshot_diff
2026-05-30,BALAMINES,OUT,snapshot_diff
2012-09-28,BALKRISIND,IN,nse_inclexcl
2015-03-24,BALKRISIND,OUT,nse_inclexcl
2015-09-28,BALKRISIND,IN,nse_inclexcl
2002-07-09,BALMLAWRIE,IN,nse_inclexcl
2022-05-04,BALMLAWRIE,OUT,snapshot_diff
1998-08-01,BALRAMCHIN,IN,nse_inclexcl
1998-08-01,BANARISUG,IN,nse_inclexcl
2002-09-19,BANARISUG,OUT,nse_inclexcl
2003-04-01,BANARISUG,IN,nse_inclexcl
2013-09-27,BANARISUG,OUT,nse_inclexcl
2010-04-08,BANCOINDIA,IN,nse_inclexcl
2013-04-01,BANCOINDIA,OUT,nse_inclexcl
2018-09-28,BANDHANBNK,IN,nse_inclexcl
1998-08-01,BANKBARODA,IN,nse_inclexcl
1998-08-01,BANKINDIA,IN,nse_inclexcl
1998-08-01,BASF,IN,nse_inclexcl
2024-02-26,BASF,OUT,snapshot_diff
1998-08-01,BATAINDIA,IN,nse_inclexcl
1998-08-01,BAYERCROP,IN,nse_inclexcl
2003-04-07,BAYERCROP,OUT,nse_inclexcl
2019-09-27,BAYERCROP,IN,nse_inclexcl
1998-08-01,BBL,IN,nse_inclexcl
2000-09-03,BBL,OUT,nse_inclexcl
1998-08-01,BBOX,IN,nse_inclexcl
2011-03-25,BBOX,OUT,nse_inclexcl
1998-08-01,BBTC,IN,nse_inclexcl
2000-09-03,BBTC,OUT,nse_inclexcl
2012-09-28,BBTC,IN,nse_inclexcl
2022-05-04,BCG,IN,snapshot_diff
2026-05-30,BCG,OUT,snapshot_diff
2018-08-08,BDL,IN,nse_inclexcl
1998-08-01,BEL,IN,nse_inclexcl
2026-05-30,BELRISE,IN,snapshot_diff
1998-08-01,BEML,IN,nse_inclexcl
2022-05-04,BEML,OUT,snapshot_diff
2023-04-04,BEML,IN,snapshot_diff
2005-09-26,BEPL,IN,nse_inclexcl
2013-04-01,BEPL,OUT,nse_inclexcl
1998-08-01,BERGEPAINT,IN,nse_inclexcl
2011-10-10,BFUTILITIE,IN,nse_inclexcl
2018-09-28,BFUTILITIE,OUT,nse_inclexcl
2011-03-25,BGRENERGY,IN,nse_inclexcl
2015-09-28,BGRENERGY,OUT,nse_inclexcl
2016-04-01,BGRENERGY,IN,nse_inclexcl
2018-09-28,BGRENERGY,OUT,nse_inclexcl
2011-10-10,BHARATFIN,IN,nse_inclexcl
2018-12-28,BHARATFIN,OUT,nse_inclexcl
1998-08-01,BHARATFORG,IN,nse_inclexcl
2020-06-26,BHARATRAS,IN,nse_inclexcl
2022-05-04,BHARATRAS,OUT,snapshot_diff
2022-10-09,BHARATRAS,IN,snapshot_diff
2023-04-04,BHARATRAS,OUT,snapshot_diff
2003-03-17,BHARTIARTL,IN,nse_inclexcl
2026-05-30,BHARTIHEXA,IN,snapshot_diff
1998-08-01,BHEL,IN,nse_inclexcl
1998-08-01,BHUPENIND,IN,nse_inclexcl
1999-05-26,BHUPENIND,OUT,nse_inclexcl
2023-04-04,BIKAJI,IN,snapshot_diff
1998-08-01,BILVYAPAR,IN,nse_inclexcl
2002-09-19,BILVYAPAR,OUT,nse_inclexcl
2004-12-10,BIOCON,IN,nse_inclexcl
1999-09-08,BIRLACABLE,IN,nse_inclexcl
2007-09-24,BIRLACABLE,OUT,nse_inclexcl
1998-08-01,BIRLACORPN,IN,nse_inclexcl
2026-05-30,BIRLACORPN,OUT,snapshot_diff
1998-08-01,BIRLANU,IN,nse_inclexcl
2002-04-23,BIRLANU,OUT,nse_inclexcl
1998-08-01,BIRLAPOWER,IN,nse_inclexcl
2002-03-29,BIRLAPOWER,OUT,nse_inclexcl
2016-04-01,BLISSGVS,IN,nse_inclexcl
2022-05-04,BLISSGVS,OUT,snapshot_diff
2006-08-02,BLKASHYAP,IN,nse_inclexcl
2011-10-10,BLKASHYAP,OUT,nse_inclexcl
2023-04-04,BLS,IN,snapshot_diff
1999-09-08,BLUEDART,IN,nse_inclexcl
2026-05-30,BLUEJET,IN,snapshot_diff
1998-08-01,BLUESTARCO,IN,nse_inclexcl
2022-05-04,BOMDYEING,OUT,snapshot_diff
1998-08-01,BOOTSPHARM,IN,nse_inclexcl
1999-12-08,BOOTSPHARM,OUT,nse_inclexcl
2022-05-04,BORORENEW,IN,snapshot_diff
2026-05-30,BORORENEW,OUT,snapshot_diff
2016-04-01,BOSCH-HCIL,IN,nse_inclexcl
2019-03-29,BOSCH-HCIL,OUT,nse_inclexcl
2019-09-27,BOSCH-HCIL,IN,nse_inclexcl
2005-03-04,BOSCHCHASY,IN,nse_inclexcl
2008-10-31,BOSCHCHASY,OUT,nse_inclexcl
1998-08-01,BOSCHLTD,IN,nse_inclexcl
1998-08-01,BPCL,IN,nse_inclexcl
1998-08-01,BPL,IN,nse_inclexcl
2011-03-25,BPL,OUT,nse_inclexcl
1998-08-01,BRABOURNE,IN,nse_inclexcl
2008-02-15,BRABOURNE,OUT,nse_inclexcl
2010-03-09,BRIGADE,IN,nse_inclexcl
2017-03-31,BRIGADE,OUT,nse_inclexcl
2017-09-29,BRIGADE,IN,nse_inclexcl
1998-08-01,BRITANNIA,IN,nse_inclexcl
2017-09-29,BSE,IN,nse_inclexcl
2002-09-19,BSL,IN,nse_inclexcl
2006-03-02,BSL,OUT,nse_inclexcl
2019-09-27,BSOFT,IN,nse_inclexcl
2022-05-04,CADILAHC,OUT,snapshot_diff
2015-09-28,CAMLINFINE,IN,nse_inclexcl
2016-04-01,CAMLINFINE,OUT,nse_inclexcl
2022-10-09,CAMPUS,IN,snapshot_diff
2026-05-30,CAMPUS,OUT,snapshot_diff
2022-05-04,CAMS,IN,snapshot_diff
2003-06-17,CANBK,IN,nse_inclexcl
2002-04-23,CANFINHOME,IN,nse_inclexcl
2026-05-30,CANHLIFE,IN,snapshot_diff
2009-03-27,CAPF,IN,nse_inclexcl
2018-12-28,CAPF,OUT,nse_inclexcl
2016-04-01,CAPLIPOINT,IN,nse_inclexcl
2023-04-04,CAPLIPOINT,OUT,snapshot_diff
2026-05-30,CAPLIPOINT,IN,snapshot_diff
1998-08-01,CARBORUNIV,IN,nse_inclexcl
2016-04-01,CARBORUNIV,OUT,nse_inclexcl
2016-09-30,CARBORUNIV,IN,nse_inclexcl
2022-05-04,CARERATING,OUT,snapshot_diff
2001-04-25,CAROLINFO,IN,nse_inclexcl
2012-03-09,CAROLINFO,OUT,nse_inclexcl
2026-05-30,CARTRADE,IN,snapshot_diff
2007-04-04,CASTEXTECH,IN,nse_inclexcl
2016-09-30,CASTEXTECH,OUT,nse_inclexcl
1998-08-01,CASTROLIND,IN,nse_inclexcl
2003-05-02,CASTROLIND,OUT,nse_inclexcl
2008-09-10,CASTROLIND,IN,nse_inclexcl
2014-02-28,CASTROLIND,OUT,nse_inclexcl
2014-07-28,CASTROLIND,IN,nse_inclexcl
2016-09-30,CCAVENUE,IN,nse_inclexcl
2018-04-02,CDSL,IN,nse_inclexcl
1998-08-01,CEATFIN,IN,nse_inclexcl
2002-11-11,CEATFIN,OUT,nse_inclexcl
1998-08-01,CEATLTD,IN,nse_inclexcl
2007-12-26,CEATLTD,OUT,nse_inclexcl
2015-06-15,CEATLTD,IN,nse_inclexcl
1998-08-01,CEMPRO,IN,nse_inclexcl
2004-12-10,CEMPRO,OUT,nse_inclexcl
2015-03-24,CEMPRO,IN,nse_inclexcl
2016-04-01,CEMPRO,OUT,nse_inclexcl
2016-09-30,CEMPRO,IN,nse_inclexcl
2020-06-26,CEMPRO,OUT,nse_inclexcl
2026-05-30,CEMPRO,IN,snapshot_diff
2001-08-31,CENTBOP,IN,nse_inclexcl
2004-01-28,CENTBOP,OUT,nse_inclexcl
1998-08-01,CENTENKA,IN,nse_inclexcl
2016-04-01,CENTENKA,OUT,nse_inclexcl
2011-10-10,CENTRALBK,IN,nse_inclexcl
2009-06-23,CENTURYPLY,IN,nse_inclexcl
2013-07-17,CENTURYPLY,OUT,nse_inclexcl
2014-09-19,CENTURYPLY,IN,nse_inclexcl
2026-05-30,CENTURYPLY,OUT,snapshot_diff
2026-05-30,CENTURYTEX,OUT,snapshot_diff
2016-04-01,CERA,IN,nse_inclexcl
2026-05-30,CERA,OUT,snapshot_diff
1998-08-01,CESC,IN,nse_inclexcl
2018-02-05,CESC,OUT,nse_inclexcl
2019-03-29,CESC,IN,nse_inclexcl
2019-09-27,CGCL,IN,nse_inclexcl
1998-08-01,CGPOWER,IN,nse_inclexcl
2015-09-28,CGPOWER,OUT,nse_inclexcl
2016-09-30,CGPOWER,IN,nse_inclexcl
2019-12-26,CGPOWER,OUT,nse_inclexcl
2022-05-04,CGPOWER,IN,snapshot_diff
2019-06-28,CHALET,IN,nse_inclexcl
2020-06-26,CHALET,OUT,nse_inclexcl
2022-05-04,CHALET,IN,snapshot_diff
1998-08-01,CHAMBLFERT,IN,nse_inclexcl
1998-08-01,CHEMPLASTS,IN,nse_inclexcl
2012-06-18,CHEMPLASTS,OUT,nse_inclexcl
2022-05-04,CHEMPLASTS,IN,snapshot_diff
2026-05-30,CHEMPLASTS,OUT,snapshot_diff
1998-08-01,CHENNPETRO,IN,nse_inclexcl
2022-05-04,CHENNPETRO,OUT,snapshot_diff
2026-05-30,CHENNPETRO,IN,snapshot_diff
1999-02-03,CHETNADCEM,IN,nse_inclexcl
2002-09-19,CHETNADCEM,OUT,nse_inclexcl
2009-03-27,CHETNADCEM,IN,nse_inclexcl
2009-10-22,CHETNADCEM,OUT,nse_inclexcl
2026-05-30,CHOICEIN,IN,snapshot_diff
1999-02-03,CHOLAFIN,IN,nse_inclexcl
2018-02-05,CHOLAHLDNG,IN,nse_inclexcl
2016-04-01,CIEINDIA,IN,nse_inclexcl
2024-02-26,CIEINDIA,IN,snapshot_diff
2001-08-31,CINEVISTA,IN,nse_inclexcl
2007-04-04,CINEVISTA,OUT,nse_inclexcl
1998-08-01,CIPLA,IN,nse_inclexcl
2002-09-19,CLCIND,IN,nse_inclexcl
2017-03-31,CLCIND,OUT,nse_inclexcl
2022-05-04,CLEAN,IN,snapshot_diff
1998-08-01,CLNINDIA,IN,nse_inclexcl
2016-09-30,CLNINDIA,OUT,nse_inclexcl
2011-04-11,COALINDIA,IN,nse_inclexcl
1998-08-01,COCHINREFN,IN,nse_inclexcl
2006-09-22,COCHINREFN,OUT,nse_inclexcl
2018-02-05,COCHINSHIP,IN,nse_inclexcl
2016-09-30,COFFEEDAY,IN,nse_inclexcl
2019-12-26,COFFEEDAY,OUT,nse_inclexcl
2013-04-01,COFORGE,IN,nse_inclexcl
2022-05-04,COFORGE,IN,snapshot_diff
2026-05-30,COHANCE,IN,snapshot_diff
1998-08-01,COLPAL,IN,nse_inclexcl
2007-11-29,COLPAL,OUT,nse_inclexcl
2008-12-29,COLPAL,IN,nse_inclexcl
2000-01-12,CONCOR,IN,nse_inclexcl
2024-02-26,CONCORDBIO,IN,snapshot_diff
2005-09-26,CONSOFINVT,IN,nse_inclexcl
2010-04-08,CONSOFINVT,OUT,nse_inclexcl
2011-03-25,COREEDUTEC,IN,nse_inclexcl
2014-09-19,COREEDUTEC,OUT,nse_inclexcl
2002-09-19,COROMANDEL,IN,nse_inclexcl
1998-08-01,COSMOFIRST,IN,nse_inclexcl
2011-10-10,COSMOFIRST,OUT,nse_inclexcl
2011-03-25,COX&KINGS,IN,nse_inclexcl
2018-06-29,COX&KINGS,OUT,nse_inclexcl
2019-03-29,COX&KINGS,IN,nse_inclexcl
2019-12-26,COX&KINGS,OUT,nse_inclexcl
2026-05-30,CPPLUS,IN,snapshot_diff
2023-04-04,CRAFTSMAN,IN,snapshot_diff
2002-03-29,CREATIVEYE,IN,nse_inclexcl
2005-09-26,CREATIVEYE,OUT,nse_inclexcl
2019-01-28,CREDITACC,IN,nse_inclexcl
2000-05-24,CRESTANI,IN,nse_inclexcl
2009-10-22,CRESTANI,OUT,nse_inclexcl
1998-08-01,CRISIL,IN,nse_inclexcl
2016-11-15,CROMPTON,IN,nse_inclexcl
2020-06-26,CSBBANK,IN,nse_inclexcl
2026-05-30,CSBBANK,OUT,snapshot_diff
2002-04-23,CUB,IN,nse_inclexcl
1998-08-01,CUMMINSIND,IN,nse_inclexcl
2000-09-03,CYBERTECH,IN,nse_inclexcl
2005-09-26,CYBERTECH,OUT,nse_inclexcl
2002-01-29,CYIENT,IN,nse_inclexcl
1998-08-01,DABUR,IN,nse_inclexcl
2016-04-01,DALBHARAT,IN,nse_inclexcl
2018-04-02,DALBHARAT,OUT,nse_inclexcl
2019-06-28,DALBHARAT,IN,nse_inclexcl
1998-08-01,DALMIASUG,IN,nse_inclexcl
2010-09-24,DALMIASUG,OUT,nse_inclexcl
2023-04-04,DATAPATTNS,IN,snapshot_diff
2013-06-11,DBCORP,IN,nse_inclexcl
2022-05-04,DBCORP,OUT,snapshot_diff
2017-03-31,DBL,IN,nse_inclexcl
2023-04-04,DBL,OUT,snapshot_diff
2010-09-24,DBREALTY,IN,nse_inclexcl
2018-09-28,DBREALTY,OUT,nse_inclexcl
2018-04-02,DCAL,IN,nse_inclexcl
2022-05-04,DCAL,OUT,snapshot_diff
2011-10-10,DCBBANK,IN,nse_inclexcl
2022-05-04,DCBBANK,OUT,snapshot_diff
2006-05-17,DCHL,IN,nse_inclexcl
2013-01-23,DCHL,OUT,nse_inclexcl
1998-08-01,DCMDAEWOO,IN,nse_inclexcl
2002-09-19,DCMDAEWOO,OUT,nse_inclexcl
2002-01-17,DCMSHRIRAM,IN,nse_inclexcl
1998-08-01,DCW,IN,nse_inclexcl
2015-03-27,DCW,OUT,nse_inclexcl
1998-08-01,DEEPAKFERT,IN,nse_inclexcl
2002-09-19,DEEPAKFERT,OUT,nse_inclexcl
2003-04-01,DEEPAKFERT,IN,nse_inclexcl
2019-09-27,DEEPAKFERT,OUT,nse_inclexcl
2022-10-09,DEEPAKFERT,IN,snapshot_diff
2019-03-29,DEEPAKNTR,IN,nse_inclexcl
2022-10-09,DELHIVERY,IN,snapshot_diff
2011-03-25,DELTACORP,IN,nse_inclexcl
2026-05-30,DELTACORP,OUT,snapshot_diff
2013-04-01,DEN,IN,nse_inclexcl
2019-03-29,DEN,OUT,nse_inclexcl
2019-09-27,DEN,IN,nse_inclexcl
2019-12-27,DEN,OUT,nse_inclexcl
2022-05-04,DEVYANI,IN,snapshot_diff
2011-10-10,DEWANHOUS,IN,nse_inclexcl
2020-06-26,DEWANHOUS,OUT,nse_inclexcl
1998-08-01,DHAMPURSUG,IN,nse_inclexcl
2012-04-27,DHAMPURSUG,OUT,nse_inclexcl
2011-10-10,DHANBANK,IN,nse_inclexcl
2016-04-01,DHANBANK,OUT,nse_inclexcl
2016-04-01,DHANI,OUT,nse_inclexcl
2017-09-29,DHANI,IN,nse_inclexcl
2022-05-04,DHANI,IN,snapshot_diff
2023-04-04,DHANI,OUT,snapshot_diff
2016-04-01,DHANUKA,IN,nse_inclexcl
2018-04-02,DHANUKA,OUT,nse_inclexcl
2020-06-26,DHANUKA,IN,nse_inclexcl
2022-05-04,DHANUKA,OUT,snapshot_diff
1998-08-01,DICIND,IN,nse_inclexcl
2009-03-27,DICIND,OUT,nse_inclexcl
1998-08-01,DIGITALEQP,IN,nse_inclexcl
2004-04-12,DIGITALEQP,OUT,nse_inclexcl
1998-08-01,DIGJAMLMTD,IN,nse_inclexcl
2005-09-26,DIGJAMLMTD,OUT,nse_inclexcl
2012-04-27,DISAQ,IN,nse_inclexcl
2012-09-28,DISAQ,OUT,nse_inclexcl
2011-08-29,DISHTV,IN,nse_inclexcl
2013-09-27,DISHTV,OUT,nse_inclexcl
2016-04-01,DISHTV,IN,nse_inclexcl
2022-05-04,DISHTV,OUT,snapshot_diff
2003-11-21,DIVISLAB,IN,nse_inclexcl
2018-04-02,DIXON,IN,nse_inclexcl
2007-12-07,DLF,IN,nse_inclexcl
2017-09-29,DMART,IN,nse_inclexcl
2026-05-30,DOMS,IN,snapshot_diff
2007-09-24,DONEAR,IN,nse_inclexcl
2010-04-08,DONEAR,OUT,nse_inclexcl
1998-08-01,DRBECK,IN,nse_inclexcl
2002-04-23,DRBECK,OUT,nse_inclexcl
2013-04-01,DRDATSONS,IN,nse_inclexcl
2014-03-28,DRDATSONS,OUT,nse_inclexcl
2004-08-27,DREDGECORP,IN,nse_inclexcl
2019-03-29,DREDGECORP,OUT,nse_inclexcl
1998-08-01,DRREDDY,IN,nse_inclexcl
2026-05-30,DUMMYVEDL1,IN,snapshot_diff
2026-07-25,DUMMYVEDL1,OUT,snapshot_diff
2026-05-30,DUMMYVEDL2,IN,snapshot_diff
2026-07-25,DUMMYVEDL2,OUT,snapshot_diff
2026-05-30,DUMMYVEDL3,IN,snapshot_diff
2026-07-25,DUMMYVEDL3,OUT,snapshot_diff
2026-05-30,DUMMYVEDL4,IN,snapshot_diff
2026-07-25,DUMMYVEDL4,OUT,snapshot_diff
2005-09-26,DWARKESH,IN,nse_inclexcl
2011-03-25,DWARKESH,OUT,nse_inclexcl
2009-03-27,DYNAMATECH,IN,nse_inclexcl
2014-03-28,DYNAMATECH,OUT,nse_inclexcl
2015-02-02,DYNAMATECH,IN,nse_inclexcl
2017-03-31,DYNAMATECH,OUT,nse_inclexcl
1999-05-26,E-SERVEINT,IN,nse_inclexcl
2004-12-10,E-SERVEINT,OUT,nse_inclexcl
2022-05-04,EASEMYTRIP,IN,snapshot_diff
2026-05-30,EASEMYTRIP,OUT,snapshot_diff
2011-10-10,ECLERX,IN,nse_inclexcl
2008-05-21,EDELWEISS,IN,nse_inclexcl
2024-02-26,EDELWEISS,OUT,snapshot_diff
2002-04-23,EICHERMOT,IN,nse_inclexcl
1998-08-01,EIDPARRY,IN,nse_inclexcl
1998-08-01,EIHOTEL,IN,nse_inclexcl
2009-10-22,EKC,IN,nse_inclexcl
2012-09-28,EKC,OUT,nse_inclexcl
1998-08-01,ELECON,IN,nse_inclexcl
2002-03-29,ELECON,OUT,nse_inclexcl
2026-05-30,ELECON,IN,snapshot_diff
1998-08-01,ELECTCAST,IN,nse_inclexcl
2016-09-30,ELECTCAST,OUT,nse_inclexcl
1998-08-01,ELGIEQUIP,IN,nse_inclexcl
2016-09-30,ELGIEQUIP,OUT,nse_inclexcl
2018-09-28,ELGIEQUIP,IN,nse_inclexcl
1999-09-08,ELGIRUBCO,IN,nse_inclexcl
2008-04-23,ELGIRUBCO,OUT,nse_inclexcl
2011-03-25,EMAMILTD,IN,nse_inclexcl
2007-09-10,EMBDL,IN,nse_inclexcl
2011-04-21,EMBDL,OUT,nse_inclexcl
2011-06-21,EMBDL,IN,nse_inclexcl
2011-12-07,EMBDL,OUT,nse_inclexcl
2012-03-09,EMBDL,IN,nse_inclexcl
2026-05-30,EMCURE,IN,snapshot_diff
2026-05-30,EMMVEE,IN,snapshot_diff
2017-03-31,ENDURANCE,IN,nse_inclexcl
2000-12-13,ENGINERSIN,IN,nse_inclexcl
2007-04-04,ENIL,IN,nse_inclexcl
2016-04-01,ENIL,OUT,nse_inclexcl
2026-05-30,ENRIN,IN,snapshot_diff
2024-02-26,EPIGRAL,IN,snapshot_diff
2026-05-30,EPIGRAL,OUT,snapshot_diff
1998-08-01,EPL,IN,nse_inclexcl
2018-04-02,EPL,OUT,nse_inclexcl
2019-03-29,EPL,IN,nse_inclexcl
2022-05-04,EPL,IN,snapshot_diff
2026-05-30,EPL,OUT,snapshot_diff
2022-10-09,EQUITAS,OUT,snapshot_diff
2022-05-04,EQUITASBNK,IN,snapshot_diff
2026-05-30,EQUITASBNK,OUT,snapshot_diff
2006-11-08,ERAINFRA,IN,nse_inclexcl
2014-09-19,ERAINFRA,OUT,nse_inclexcl
2018-03-13,ERIS,IN,nse_inclexcl
2022-10-09,ERIS,OUT,snapshot_diff
2024-02-26,ERIS,IN,snapshot_diff
1998-08-01,ESABINDIA,IN,nse_inclexcl
2016-04-01,ESABINDIA,OUT,nse_inclexcl
2020-06-26,ESABINDIA,IN,nse_inclexcl
2022-05-04,ESABINDIA,OUT,snapshot_diff
1998-08-01,ESCORTS,IN,nse_inclexcl
1998-08-01,ESSARPORTS,IN,nse_inclexcl
2001-12-07,ESSARPORTS,OUT,nse_inclexcl
2008-09-10,ESSARPORTS,IN,nse_inclexcl
2011-05-18,ESSARPORTS,OUT,nse_inclexcl
2022-05-04,ESSELPACK,OUT,snapshot_diff
2026-05-30,ETERNAL,IN,snapshot_diff
1999-02-03,EVEREADY,IN,nse_inclexcl
2005-03-15,EVEREADY,OUT,nse_inclexcl
2015-09-28,EVEREADY,IN,nse_inclexcl
2019-03-29,EVEREADY,OUT,nse_inclexcl
1998-08-01,EVERESTIND,IN,nse_inclexcl
2011-10-10,EVERESTIND,OUT,nse_inclexcl
1998-08-01,EXIDEIND,IN,nse_inclexcl
2003-04-01,FACT,IN,nse_inclexcl
2006-03-02,FACT,OUT,nse_inclexcl
2022-05-04,FACT,IN,snapshot_diff
2011-11-22,FCONSUMER,IN,nse_inclexcl
2013-06-11,FCONSUMER,OUT,nse_inclexcl
2015-03-27,FCONSUMER,IN,nse_inclexcl
2022-05-04,FCONSUMER,OUT,snapshot_diff
1998-08-01,FDC,IN,nse_inclexcl
2017-09-29,FDC,OUT,nse_inclexcl
2018-09-28,FDC,IN,nse_inclexcl
2026-05-30,FDC,OUT,snapshot_diff
2003-04-01,FEL,IN,nse_inclexcl
2010-09-17,FEL,OUT,nse_inclexcl
2011-03-25,FEL,IN,nse_inclexcl
2013-04-17,FEL,OUT,nse_inclexcl
2013-11-18,FEL,IN,nse_inclexcl
2015-12-14,FEL,OUT,nse_inclexcl
2017-03-16,FEL,IN,nse_inclexcl
2017-10-30,FEL,OUT,nse_inclexcl
2018-06-29,FEL,IN,nse_inclexcl
1998-08-01,FGPIND,IN,nse_inclexcl
1999-12-08,FGPIND,OUT,nse_inclexcl
1998-08-01,FINCABLES,IN,nse_inclexcl
2019-03-29,FINEORG,IN,nse_inclexcl
2026-05-30,FINEORG,OUT,snapshot_diff
1998-08-01,FINPIPE,IN,nse_inclexcl
2026-05-30,FINPIPE,OUT,snapshot_diff
2026-05-30,FIRSTCRY,IN,snapshot_diff
2023-04-04,FIVESTAR,IN,snapshot_diff
2005-04-13,FKONCO,IN,nse_inclexcl
2013-11-18,FKONCO,OUT,nse_inclexcl
2001-08-31,FLEXCHEM,IN,nse_inclexcl
2006-12-15,FLEXCHEM,OUT,nse_inclexcl
2012-09-28,FLEXITUFF,IN,nse_inclexcl
2016-04-01,FLEXITUFF,OUT,nse_inclexcl
2015-09-28,FLFL,IN,nse_inclexcl
2017-03-31,FLFL,OUT,nse_inclexcl
2017-09-29,FLFL,IN,nse_inclexcl
2020-06-26,FLFL,OUT,nse_inclexcl
1998-08-01,FLUOROCHEM,IN,nse_inclexcl
2019-06-28,FLUOROCHEM,OUT,nse_inclexcl
2020-06-26,FLUOROCHEM,IN,nse_inclexcl
1998-08-01,FMGOETZE,IN,nse_inclexcl
2016-04-01,FMGOETZE,OUT,nse_inclexcl
2017-03-31,FMGOETZE,IN,nse_inclexcl
2017-09-29,FMGOETZE,OUT,nse_inclexcl
2019-09-27,FMGOETZE,IN,nse_inclexcl
2020-06-26,FMGOETZE,OUT,nse_inclexcl
1998-08-01,FORCEMOT,IN,nse_inclexcl
2001-04-25,FORCEMOT,OUT,nse_inclexcl
2026-05-30,FORCEMOT,IN,snapshot_diff
2008-09-10,FORTIS,IN,nse_inclexcl
2018-02-05,FORTIS,OUT,nse_inclexcl
2018-12-28,FORTIS,IN,nse_inclexcl
1998-08-01,FOSECOIND,IN,nse_inclexcl
2009-03-27,FOSECOIND,OUT,nse_inclexcl
2022-05-04,FRETAIL,OUT,snapshot_diff
2007-12-26,FSL,IN,nse_inclexcl
2000-05-24,FSS,IN,nse_inclexcl
2006-02-03,FSS,OUT,nse_inclexcl
2013-04-01,GABRIEL,IN,nse_inclexcl
2016-04-01,GABRIEL,OUT,nse_inclexcl
2026-05-30,GABRIEL,IN,snapshot_diff
2003-05-02,GAEL,IN,nse_inclexcl
2012-09-28,GAEL,OUT,nse_inclexcl
2022-05-04,GAEL,IN,snapshot_diff
2026-05-30,GAEL,OUT,snapshot_diff
1998-08-01,GAIL,IN,nse_inclexcl
2018-09-28,GALAXYSURF,IN,nse_inclexcl
2026-05-30,GALAXYSURF,OUT,snapshot_diff
2026-05-30,GALLANTT,IN,snapshot_diff
1998-08-01,GANESHBE,IN,nse_inclexcl
2002-04-23,GANESHBE,OUT,nse_inclexcl
1998-08-01,GARFIBRES,IN,nse_inclexcl
2002-09-19,GARFIBRES,OUT,nse_inclexcl
2019-09-27,GARFIBRES,IN,nse_inclexcl
2024-02-26,GARFIBRES,OUT,snapshot_diff
2005-09-26,GATEWAY,IN,nse_inclexcl
2019-09-27,GATEWAY,OUT,nse_inclexcl
2015-12-14,GAYAPROJ,IN,nse_inclexcl
2017-11-20,GAYAPROJ,OUT,nse_inclexcl
2018-09-28,GAYAPROJ,IN,nse_inclexcl
2020-06-26,GAYAPROJ,OUT,nse_inclexcl
2012-09-28,GBGLOBAL,IN,nse_inclexcl
2015-12-14,GBGLOBAL,OUT,nse_inclexcl
2013-04-17,GEODESIC,IN,nse_inclexcl
2013-09-27,GEODESIC,OUT,nse_inclexcl
2007-04-04,GEOJITFSL,IN,nse_inclexcl
2016-04-01,GEOJITFSL,OUT,nse_inclexcl
2002-03-29,GEOMETRIC,IN,nse_inclexcl
2016-04-01,GEOMETRIC,OUT,nse_inclexcl
2002-03-29,GEORGWILIM,IN,nse_inclexcl
2006-07-14,GEORGWILIM,OUT,nse_inclexcl
2022-05-04,GEPIL,OUT,snapshot_diff
2022-05-04,GET&D,OUT,snapshot_diff
1998-08-01,GHCL,IN,nse_inclexcl
2016-04-01,GHCL,OUT,nse_inclexcl
2017-03-31,GHCL,IN,nse_inclexcl
2022-05-04,GHCL,OUT,snapshot_diff
2018-04-02,GICRE,IN,nse_inclexcl
1998-08-01,GILLETTE,IN,nse_inclexcl
2022-05-04,GILLETTE,OUT,snapshot_diff
2024-02-26,GILLETTE,IN,snapshot_diff
1998-08-01,GIPCL,IN,nse_inclexcl
2016-04-01,GIPCL,OUT,nse_inclexcl
2022-05-04,GLAND,IN,snapshot_diff
1998-08-01,GLAXO,IN,nse_inclexcl
2001-04-25,GLENMARK,IN,nse_inclexcl
1998-08-01,GLFL,IN,nse_inclexcl
2001-04-25,GLFL,OUT,nse_inclexcl
2016-04-01,GLOBOFFS,IN,nse_inclexcl
2016-09-30,GLOBOFFS,OUT,nse_inclexcl
2022-05-04,GLS,IN,snapshot_diff
2022-10-09,GLS,OUT,snapshot_diff
2024-02-26,GLS,IN,snapshot_diff
2026-05-30,GLS,OUT,snapshot_diff
1999-05-26,GMDCLTD,IN,nse_inclexcl
2022-05-04,GMDCLTD,OUT,snapshot_diff
2026-05-30,GMDCLTD,IN,snapshot_diff
2020-06-26,GMMPFAUDLR,IN,nse_inclexcl
2026-05-30,GMMPFAUDLR,OUT,snapshot_diff
2006-12-15,GMRAIRPORT,IN,nse_inclexcl
2026-05-30,GMRAIRPORT,IN,snapshot_diff
2022-05-04,GMRINFRA,OUT,snapshot_diff
2022-10-09,GMRINFRA,IN,snapshot_diff
2026-05-30,GMRINFRA,OUT,snapshot_diff
1998-08-01,GNFC,IN,nse_inclexcl
2016-04-01,GNFC,OUT,nse_inclexcl
2017-03-31,GNFC,IN,nse_inclexcl
2026-05-30,GNFC,OUT,snapshot_diff
2022-05-04,GOCOLORS,IN,snapshot_diff
2026-05-30,GOCOLORS,OUT,snapshot_diff
1998-08-01,GODAVRFERT,IN,nse_inclexcl
2002-09-19,GODAVRFERT,OUT,nse_inclexcl
2003-04-01,GODAVRFERT,IN,nse_inclexcl
2008-02-15,GODAVRFERT,OUT,nse_inclexcl
1998-08-01,GODFRYPHLP,IN,nse_inclexcl
2026-05-30,GODIGIT,IN,snapshot_diff
2018-04-02,GODREJAGRO,IN,nse_inclexcl
2024-02-26,GODREJAGRO,OUT,snapshot_diff
2002-11-11,GODREJCP,IN,nse_inclexcl
1998-08-01,GODREJIND,IN,nse_inclexcl
2002-07-18,GODREJIND,OUT,nse_inclexcl
2004-03-15,GODREJIND,IN,nse_inclexcl
2011-03-25,GODREJPROP,IN,nse_inclexcl
2006-03-02,GOKEX,IN,nse_inclexcl
2011-03-25,GOKEX,OUT,nse_inclexcl
1998-08-01,GOLDENTOBC,IN,nse_inclexcl
1999-05-26,GOLDENTOBC,OUT,nse_inclexcl
1998-08-01,GOODYEAR,IN,nse_inclexcl
2002-09-19,GOODYEAR,OUT,nse_inclexcl
2024-02-26,GPIL,IN,snapshot_diff
2011-10-10,GPPL,IN,nse_inclexcl
2026-05-30,GPPL,OUT,snapshot_diff
2016-04-01,GRANULES,IN,nse_inclexcl
2002-09-19,GRAPHITE,IN,nse_inclexcl
2016-04-01,GRAPHITE,OUT,nse_inclexcl
2018-04-02,GRAPHITE,IN,nse_inclexcl
1998-08-01,GRASIM,IN,nse_inclexcl
2010-05-26,GRASIM,OUT,nse_inclexcl
2010-08-31,GRASIM,IN,nse_inclexcl
2017-05-26,GRASIM,OUT,nse_inclexcl
2018-04-02,GRASIM,IN,nse_inclexcl
2026-05-30,GRAVITA,IN,snapshot_diff
1998-08-01,GREAVESCOT,IN,nse_inclexcl
2002-09-19,GREAVESCOT,OUT,nse_inclexcl
2006-03-02,GREAVESCOT,IN,nse_inclexcl
2022-05-04,GREAVESCOT,OUT,snapshot_diff
2022-10-09,GREENPANEL,IN,snapshot_diff
2024-02-26,GREENPANEL,OUT,snapshot_diff
2016-04-01,GREENPLY,IN,nse_inclexcl
2019-03-29,GREENPLY,OUT,nse_inclexcl
1998-08-01,GRINDWELL,IN,nse_inclexcl
2002-04-23,GRINDWELL,OUT,nse_inclexcl
2016-04-01,GRINDWELL,IN,nse_inclexcl
2017-09-29,GRINDWELL,OUT,nse_inclexcl
2018-09-28,GRINDWELL,IN,nse_inclexcl
2026-05-30,GRINDWELL,OUT,snapshot_diff
2022-05-04,GRINFRA,IN,snapshot_diff
2026-05-30,GRINFRA,OUT,snapshot_diff
2026-05-30,GROWW,IN,snapshot_diff
2020-06-26,GRSE,IN,nse_inclexcl
2022-05-04,GRSE,OUT,snapshot_diff
2026-05-30,GRSE,IN,snapshot_diff
1998-08-01,GSFC,IN,nse_inclexcl
2026-05-30,GSFC,OUT,snapshot_diff
1998-08-01,GSKCONS,IN,nse_inclexcl
2019-09-27,GSKCONS,OUT,nse_inclexcl
2002-04-23,GSLNOVA,IN,nse_inclexcl
2007-09-24,GSLNOVA,OUT,nse_inclexcl
2026-05-30,GSPL,OUT,snapshot_diff
1998-08-01,GTL,IN,nse_inclexcl
2013-04-01,GTL,OUT,nse_inclexcl
2007-09-24,GTLINFRA,IN,nse_inclexcl
2012-09-28,GTLINFRA,OUT,nse_inclexcl
2013-04-01,GTLINFRA,IN,nse_inclexcl
2016-04-01,GTLINFRA,OUT,nse_inclexcl
1998-08-01,GTNIND,IN,nse_inclexcl
2007-04-04,GTNIND,OUT,nse_inclexcl
2009-10-22,GTOFFSHORE,IN,nse_inclexcl
2014-09-19,GTOFFSHORE,OUT,nse_inclexcl
1998-08-01,GUJALKALI,IN,nse_inclexcl
1998-08-01,GUJALKALI,IN,nse_inclexcl
2000-09-03,GUJALKALI,OUT,nse_inclexcl
2016-04-01,GUJALKALI,OUT,nse_inclexcl
2017-03-31,GUJALKALI,IN,nse_inclexcl
2026-05-30,GUJALKALI,OUT,snapshot_diff
1998-08-01,GUJENERGY,IN,nse_inclexcl
2015-02-02,GUJENERGY,OUT,nse_inclexcl
2016-04-01,GUJENERGY,IN,nse_inclexcl
2026-05-30,GUJGASLTD,OUT,snapshot_diff
2015-03-27,GULFOILLUB,IN,nse_inclexcl
2016-04-01,GULFOILLUB,OUT,nse_inclexcl
2016-04-29,GULFOILLUB,IN,nse_inclexcl
2022-05-04,GULFOILLUB,OUT,snapshot_diff
2009-02-25,GVKPIL,IN,nse_inclexcl
2019-03-29,GVKPIL,OUT,nse_inclexcl
2002-03-29,GVPIL,IN,nse_inclexcl
1999-02-03,GVT&D,IN,nse_inclexcl
2002-09-19,GVT&D,OUT,nse_inclexcl
2009-03-27,GVT&D,IN,nse_inclexcl
2011-12-14,GVT&D,OUT,nse_inclexcl
2012-04-27,GVT&D,IN,nse_inclexcl
2026-05-30,GVT&D,IN,snapshot_diff
2018-09-28,HAL,IN,nse_inclexcl
2022-05-04,HAPPSTMNDS,IN,snapshot_diff
2026-05-30,HAPPSTMNDS,OUT,snapshot_diff
1998-08-01,HARRMALAYA,IN,nse_inclexcl
2010-08-31,HARRMALAYA,OUT,nse_inclexcl
2011-01-20,HATHWAY,IN,nse_inclexcl
2019-12-27,HATHWAY,OUT,nse_inclexcl
2020-06-26,HATHWAY,IN,nse_inclexcl
2022-10-09,HATHWAY,OUT,snapshot_diff
2018-02-05,HATSUN,IN,nse_inclexcl
2023-04-04,HATSUN,OUT,snapshot_diff
2002-04-23,HAVELLS,IN,nse_inclexcl
1998-08-01,HBLENGINE,IN,nse_inclexcl
2004-12-10,HBLENGINE,OUT,nse_inclexcl
2026-05-30,HBLENGINE,IN,snapshot_diff
1998-08-01,HCC,IN,nse_inclexcl
2019-03-29,HCC,OUT,nse_inclexcl
1998-08-01,HCL-INSYS,IN,nse_inclexcl
2019-03-29,HCL-INSYS,OUT,nse_inclexcl
2001-04-25,HCLTECH,IN,nse_inclexcl
2026-05-30,HDBFS,IN,snapshot_diff
2024-02-26,HDFC,OUT,snapshot_diff
2019-03-29,HDFCAMC,IN,nse_inclexcl
1998-08-01,HDFCBANK,IN,nse_inclexcl
2018-09-28,HDFCLIFE,IN,nse_inclexcl
2008-04-23,HDIL,IN,nse_inclexcl
2018-09-28,HDIL,OUT,nse_inclexcl
1998-08-01,HEIDELBERG,IN,nse_inclexcl
2004-12-10,HEIDELBERG,OUT,nse_inclexcl
2016-04-01,HEIDELBERG,IN,nse_inclexcl
2022-05-04,HEIDELBERG,OUT,snapshot_diff
2022-05-04,HEMIPROP,IN,snapshot_diff
2022-10-09,HEMIPROP,OUT,snapshot_diff
2002-09-19,HERITGFOOD,IN,nse_inclexcl
2011-10-10,HERITGFOOD,OUT,nse_inclexcl
2013-04-01,HERITGFOOD,IN,nse_inclexcl
2016-04-01,HERITGFOOD,OUT,nse_inclexcl
2017-09-29,HERITGFOOD,IN,nse_inclexcl
2022-05-04,HERITGFOOD,OUT,snapshot_diff
1998-08-01,HEROMOTOCO,IN,nse_inclexcl
2022-05-04,HEXAWARE,OUT,snapshot_diff
2003-04-01,HEXT,IN,nse_inclexcl
2026-05-30,HEXT,IN,snapshot_diff
2022-05-04,HGS,IN,snapshot_diff
2024-02-26,HGS,OUT,snapshot_diff
2003-04-01,HIKAL,IN,nse_inclexcl
2011-10-10,HIKAL,OUT,nse_inclexcl
2022-05-04,HIKAL,IN,snapshot_diff
2024-02-26,HIKAL,OUT,snapshot_diff
1998-08-01,HIMATSEIDE,IN,nse_inclexcl
2022-05-04,HIMATSEIDE,OUT,snapshot_diff
1998-08-01,HINDALCO,IN,nse_inclexcl
2013-04-01,HINDCOPPER,IN,nse_inclexcl
1998-08-01,HINDOILEXP,IN,nse_inclexcl
2015-09-28,HINDOILEXP,OUT,nse_inclexcl
1998-08-01,HINDPETRO,IN,nse_inclexcl
1998-08-01,HINDUNILVR,IN,nse_inclexcl
1998-08-01,HINDZINC,IN,nse_inclexcl
2003-04-01,HINDZINC,OUT,nse_inclexcl
2007-03-15,HINDZINC,IN,nse_inclexcl
2006-03-02,HINVDIR,IN,nse_inclexcl
2010-07-08,HINVDIR,OUT,nse_inclexcl
2022-05-04,HLEGLAS,IN,snapshot_diff
2026-05-30,HLEGLAS,OUT,snapshot_diff
1998-08-01,HLVLTD,IN,nse_inclexcl
2015-09-28,HLVLTD,OUT,nse_inclexcl
2016-04-01,HLVLTD,IN,nse_inclexcl
2016-09-30,HLVLTD,OUT,nse_inclexcl
2002-10-11,HMT,IN,nse_inclexcl
2011-03-25,HMT,OUT,nse_inclexcl
2016-04-01,HMT,IN,nse_inclexcl
2016-09-30,HMT,OUT,nse_inclexcl
2016-04-01,HMVL,IN,nse_inclexcl
2017-09-29,HMVL,OUT,nse_inclexcl
2022-05-04,HOMEFIRST,IN,snapshot_diff
2026-05-30,HONASA,IN,snapshot_diff
1998-08-01,HONAUT,IN,nse_inclexcl
2017-09-29,HONAUT,OUT,nse_inclexcl
2018-04-02,HONAUT,IN,nse_inclexcl
1998-08-01,HONDAPOWER,IN,nse_inclexcl
2009-10-22,HONDAPOWER,OUT,nse_inclexcl
2018-04-02,HSCL,IN,nse_inclexcl
2022-05-04,HSCL,OUT,snapshot_diff
2026-05-30,HSCL,IN,snapshot_diff
2006-03-02,HTMEDIA,IN,nse_inclexcl
2018-06-29,HTMEDIA,OUT,nse_inclexcl
2008-01-01,HUBTOWN,IN,nse_inclexcl
2015-03-27,HUBTOWN,OUT,nse_inclexcl
2017-10-30,HUDCO,IN,nse_inclexcl
2026-05-30,HYUNDAI,IN,snapshot_diff
2024-02-26,IBREALEST,OUT,snapshot_diff
2026-05-30,IBULHSGFIN,OUT,snapshot_diff
2019-03-29,IBULLSLTD,IN,nse_inclexcl
2020-06-26,IBULLSLTD,OUT,nse_inclexcl
2022-05-04,IBVENTURES,OUT,snapshot_diff
1998-08-01,ICICI,IN,nse_inclexcl
2002-04-23,ICICI,OUT,nse_inclexcl
2026-05-30,ICICIAMC,IN,snapshot_diff
1999-02-03,ICICIBANK,IN,nse_inclexcl
2018-04-02,ICICIGI,IN,nse_inclexcl
2017-03-31,ICICIPRULI,IN,nse_inclexcl
2016-04-01,ICIL,IN,nse_inclexcl
2019-03-29,ICIL,OUT,nse_inclexcl
2022-05-04,ICIL,IN,snapshot_diff
2022-10-09,ICIL,OUT,snapshot_diff
2012-04-27,ICRA,IN,nse_inclexcl
2018-04-02,ICRA,OUT,nse_inclexcl
2019-03-29,ICRA,IN,nse_inclexcl
2022-05-04,ICRA,OUT,snapshot_diff
1998-08-01,IDBI,IN,nse_inclexcl
2007-09-24,IDEA,IN,nse_inclexcl
2006-02-03,IDFC,IN,nse_inclexcl
2015-05-29,IDFC,OUT,nse_inclexcl
2016-04-01,IDFC,IN,nse_inclexcl
2026-05-30,IDFC,OUT,snapshot_diff
2016-09-30,IDFCFIRSTB,IN,nse_inclexcl
2018-04-02,IEX,IN,nse_inclexcl
1998-08-01,IFBIND,IN,nse_inclexcl
2000-09-03,IFBIND,OUT,nse_inclexcl
2015-03-27,IFBIND,IN,nse_inclexcl
2015-09-28,IFBIND,OUT,nse_inclexcl
2016-04-01,IFBIND,IN,nse_inclexcl
2016-09-30,IFBIND,OUT,nse_inclexcl
2017-09-29,IFBIND,IN,nse_inclexcl
2024-02-26,IFBIND,OUT,snapshot_diff
1998-08-01,IFCI,IN,nse_inclexcl
2004-12-10,IFCI,OUT,nse_inclexcl
2009-10-22,IFCI,IN,nse_inclexcl
2022-05-04,IFCI,OUT,snapshot_diff
2026-05-30,IFCI,IN,snapshot_diff
2016-04-01,IGARASHI,IN,nse_inclexcl
2018-04-02,IGARASHI,OUT,nse_inclexcl
2026-05-30,IGIL,IN,snapshot_diff
2004-12-10,IGL,IN,nse_inclexcl
1998-08-01,IGPL,IN,nse_inclexcl
2002-03-29,IGPL,OUT,nse_inclexcl
2001-10-11,IGS,IN,nse_inclexcl
2008-01-28,IGS,OUT,nse_inclexcl
2017-06-23,IIFL,OUT,nse_inclexcl
2018-04-02,IIFL,IN,nse_inclexcl
2018-12-28,IIFL,OUT,nse_inclexcl
2019-09-27,IIFL,IN,nse_inclexcl
2023-04-04,IIFLWAM,OUT,snapshot_diff
2026-05-30,IKS,IN,snapshot_diff
2011-05-18,IL&FSENGG,IN,nse_inclexcl
2015-03-27,IL&FSENGG,OUT,nse_inclexcl
2015-09-28,IL&FSENGG,IN,nse_inclexcl
2016-04-01,IL&FSENGG,OUT,nse_inclexcl
2013-04-01,IL&FSTRANS,IN,nse_inclexcl
2019-03-29,IL&FSTRANS,OUT,nse_inclexcl
2015-09-28,IMAGICAA,IN,nse_inclexcl
2016-04-01,IMAGICAA,OUT,nse_inclexcl
2013-04-01,IMFA,IN,nse_inclexcl
2015-03-27,IMFA,OUT,nse_inclexcl
2026-05-30,INDGN,IN,snapshot_diff
1998-08-01,INDIAGLYCO,IN,nse_inclexcl
2002-09-19,INDIAGLYCO,OUT,nse_inclexcl
2006-03-02,INDIAGLYCO,IN,nse_inclexcl
2014-09-19,INDIAGLYCO,OUT,nse_inclexcl
2019-12-27,INDIAMART,IN,nse_inclexcl
2011-10-10,INDIANB,IN,nse_inclexcl
1998-08-01,INDIANCARD,IN,nse_inclexcl
2008-09-10,INDIANCARD,OUT,nse_inclexcl
2016-09-30,INDIGO,IN,nse_inclexcl
2022-05-04,INDIGOPNTS,IN,snapshot_diff
2026-05-30,INDIGOPNTS,OUT,snapshot_diff
2002-09-19,INDNIPPON,IN,nse_inclexcl
2008-09-10,INDNIPPON,OUT,nse_inclexcl
2016-04-01,INDOCO,IN,nse_inclexcl
2019-09-27,INDOCO,OUT,nse_inclexcl
2020-06-26,INDOCO,IN,nse_inclexcl
2023-04-04,INDOCO,OUT,snapshot_diff
1998-08-01,INDOGULF,IN,nse_inclexcl
2003-03-05,INDOGULF,OUT,nse_inclexcl
1998-08-01,INDORAMA,IN,nse_inclexcl
2003-05-23,INDORAMA,OUT,nse_inclexcl
2019-03-29,INDOSTAR,IN,nse_inclexcl
2022-05-04,INDOSTAR,OUT,snapshot_diff
2002-04-23,INDRAMEDCO,IN,nse_inclexcl
2014-09-19,INDRAMEDCO,OUT,nse_inclexcl
2005-04-25,INDSWFTLAB,IN,nse_inclexcl
2013-04-01,INDSWFTLAB,OUT,nse_inclexcl
1999-12-08,INDUSINDBK,IN,nse_inclexcl
2013-06-11,INDUSTOWER,IN,nse_inclexcl
2022-05-04,INDUSTOWER,IN,snapshot_diff
1998-08-01,INDYESTUF,IN,nse_inclexcl
2001-04-25,INDYESTUF,OUT,nse_inclexcl
2026-05-30,INFIBEAM,OUT,snapshot_diff
1998-08-01,INFOMEDIA,IN,nse_inclexcl
2006-08-10,INFOMEDIA,OUT,nse_inclexcl
2022-05-04,INFRATEL,OUT,snapshot_diff
1998-08-01,INFY,IN,nse_inclexcl
1998-08-01,INGERRAND,IN,nse_inclexcl
2017-03-31,INGERRAND,OUT,nse_inclexcl
2017-09-29,INGERRAND,IN,nse_inclexcl
2018-04-02,INGERRAND,OUT,nse_inclexcl
2020-06-26,INGERRAND,IN,nse_inclexcl
2022-05-04,INGERRAND,OUT,snapshot_diff
2023-04-04,INGERRAND,IN,snapshot_diff
2026-05-30,INGERRAND,OUT,snapshot_diff
1999-02-03,INGVYSYABK,IN,nse_inclexcl
2015-02-02,INGVYSYABK,OUT,nse_inclexcl
2023-04-04,INOXLEISUR,OUT,snapshot_diff
2015-09-28,INOXWIND,IN,nse_inclexcl
2019-09-27,INOXWIND,OUT,nse_inclexcl
2026-05-30,INOXWIND,IN,snapshot_diff
2016-04-01,INTELLECT,IN,nse_inclexcl
2002-04-23,IOB,IN,nse_inclexcl
2002-07-09,IOC,IN,nse_inclexcl
1998-08-01,IONEXCHANG,IN,nse_inclexcl
2002-09-19,IONEXCHANG,OUT,nse_inclexcl
1998-08-01,IPCALAB,IN,nse_inclexcl
2009-03-27,IRB,IN,nse_inclexcl
2019-03-29,IRCON,IN,nse_inclexcl
2022-10-09,IRCON,OUT,snapshot_diff
2024-02-26,IRCON,IN,snapshot_diff
2020-06-26,IRCTC,IN,nse_inclexcl
2026-05-30,IREDA,IN,snapshot_diff
2022-05-04,IRFC,IN,snapshot_diff
2026-05-30,ISEC,OUT,snapshot_diff
1998-08-01,ITCHOTELS,IN,nse_inclexcl
2005-04-08,ITCHOTELS,OUT,nse_inclexcl
2026-05-30,ITCHOTELS,IN,snapshot_diff
2017-09-29,ITDC,IN,nse_inclexcl
2022-05-04,ITDC,OUT,snapshot_diff
1998-08-01,ITI,IN,nse_inclexcl
2004-12-10,ITI,OUT,nse_inclexcl
2017-09-29,ITI,IN,nse_inclexcl
2002-09-19,IVRCLINFRA,IN,nse_inclexcl
2016-04-01,IVRCLINFRA,OUT,nse_inclexcl
2002-01-17,J&KBANK,IN,nse_inclexcl
2022-05-04,J&KBANK,OUT,snapshot_diff
2026-05-30,J&KBANK,IN,snapshot_diff
2007-04-04,JAGRAN,IN,nse_inclexcl
2022-05-04,JAGRAN,OUT,snapshot_diff
2002-04-23,JAGSNPHARM,IN,nse_inclexcl
2007-09-24,JAGSNPHARM,OUT,nse_inclexcl
2011-12-07,JAIBALAJI,IN,nse_inclexcl
2013-04-01,JAIBALAJI,OUT,nse_inclexcl
2009-03-27,JAICORPLTD,IN,nse_inclexcl
2022-05-04,JAICORPLTD,OUT,snapshot_diff
2026-05-30,JAINREC,IN,snapshot_diff
2019-03-29,JAMNAAUTO,IN,nse_inclexcl
2026-05-30,JAMNAAUTO,OUT,snapshot_diff
1998-08-01,JAYSREETEA,IN,nse_inclexcl
2012-09-28,JAYSREETEA,OUT,nse_inclexcl
2026-07-25,JBCHEPHARM,OUT,snapshot_diff
2022-10-09,JBMA,IN,snapshot_diff
2022-05-04,JCHAC,OUT,snapshot_diff
1998-08-01,JDORGO,IN,nse_inclexcl
2000-09-03,JDORGO,OUT,nse_inclexcl
1998-08-01,JINDALPHOT,IN,nse_inclexcl
2002-09-19,JINDALPHOT,OUT,nse_inclexcl
2003-04-01,JINDALPHOT,IN,nse_inclexcl
2004-12-22,JINDALPHOT,OUT,nse_inclexcl
2003-08-04,JINDALPOLY,IN,nse_inclexcl
2013-07-17,JINDALPOLY,OUT,nse_inclexcl
2016-04-01,JINDALPOLY,IN,nse_inclexcl
2018-09-28,JINDALPOLY,OUT,nse_inclexcl
1998-08-01,JINDALSAW,IN,nse_inclexcl
2011-11-22,JINDALSAW,OUT,nse_inclexcl
2012-03-07,JINDALSAW,IN,nse_inclexcl
2016-04-29,JINDALSAW,OUT,nse_inclexcl
2017-09-29,JINDALSAW,IN,nse_inclexcl
2022-05-04,JINDALSAW,OUT,snapshot_diff
2024-02-26,JINDALSAW,IN,snapshot_diff
2001-04-25,JINDALSTEL,IN,nse_inclexcl
2023-04-04,JINDWORLD,IN,snapshot_diff
2024-02-26,JINDWORLD,OUT,snapshot_diff
2026-05-30,JIOFIN,IN,snapshot_diff
1998-08-01,JISLJALEQS,IN,nse_inclexcl
2000-12-20,JISLJALEQS,OUT,nse_inclexcl
2003-04-07,JISLJALEQS,IN,nse_inclexcl
2020-06-26,JISLJALEQS,OUT,nse_inclexcl
2015-03-27,JKCEMENT,IN,nse_inclexcl
2012-04-12,JKIL,IN,nse_inclexcl
2019-03-29,JKIL,OUT,nse_inclexcl
1998-08-01,JKLAKSHMI,IN,nse_inclexcl
2003-01-21,JKLAKSHMI,OUT,nse_inclexcl
2013-09-27,JKLAKSHMI,IN,nse_inclexcl
2026-05-30,JKLAKSHMI,OUT,snapshot_diff
2019-03-29,JKPAPER,IN,nse_inclexcl
2026-05-30,JKPAPER,OUT,snapshot_diff
1998-08-01,JKTYRE,IN,nse_inclexcl
2002-09-19,JKTYRE,OUT,nse_inclexcl
2011-03-25,JKTYRE,IN,nse_inclexcl
2022-05-04,JKTYRE,OUT,snapshot_diff
2026-05-30,JKTYRE,IN,snapshot_diff
2007-09-24,JMFINANCIL,IN,nse_inclexcl
2010-10-07,JPPOWER,IN,nse_inclexcl
2017-03-31,JPPOWER,OUT,nse_inclexcl
2017-09-29,JPPOWER,IN,nse_inclexcl
2019-03-29,JPPOWER,OUT,nse_inclexcl
2026-05-30,JPPOWER,IN,snapshot_diff
2005-02-21,JSL,IN,nse_inclexcl
2015-06-15,JSL,OUT,nse_inclexcl
2017-09-29,JSL,IN,nse_inclexcl
2022-10-09,JSLHISAR,OUT,snapshot_diff
2026-05-30,JSWCEMENT,IN,snapshot_diff
2026-05-30,JSWDULUX,IN,snapshot_diff
2010-05-26,JSWENERGY,IN,nse_inclexcl
2010-04-08,JSWHL,IN,nse_inclexcl
2017-03-31,JSWHL,OUT,nse_inclexcl
2026-05-30,JSWINFRA,IN,snapshot_diff
1998-08-01,JSWISPAT,IN,nse_inclexcl
2005-12-08,JSWISPAT,OUT,nse_inclexcl
2009-10-22,JSWISPAT,IN,nse_inclexcl
2013-06-11,JSWISPAT,OUT,nse_inclexcl
2004-12-10,JSWISPL,IN,nse_inclexcl
2015-09-28,JSWISPL,OUT,nse_inclexcl
2004-01-28,JSWSTEEL,IN,nse_inclexcl
2005-02-21,JSWSTEEL,OUT,nse_inclexcl
2005-10-06,JSWSTEEL,IN,nse_inclexcl
1998-08-01,JTEKTINDIA,IN,nse_inclexcl
2002-03-29,JTEKTINDIA,OUT,nse_inclexcl
2004-12-10,JTEKTINDIA,IN,nse_inclexcl
2013-04-01,JTEKTINDIA,OUT,nse_inclexcl
2014-03-28,JTEKTINDIA,IN,nse_inclexcl
2016-04-01,JTEKTINDIA,OUT,nse_inclexcl
2020-09-14,JTEKTINDIA,IN,nse_inclexcl
2022-05-04,JUBILANT,OUT,snapshot_diff
2010-10-07,JUBLFOOD,IN,nse_inclexcl
2022-05-04,JUBLINGREA,IN,snapshot_diff
2002-04-23,JUBLPHARMA,IN,nse_inclexcl
2002-09-19,JUBLPHARMA,OUT,nse_inclexcl
2003-09-09,JUBLPHARMA,IN,nse_inclexcl
2010-11-25,JUBLPHARMA,OUT,nse_inclexcl
2011-10-10,JUBLPHARMA,IN,nse_inclexcl
2022-05-04,JUBLPHARMA,IN,snapshot_diff
2014-03-28,JUSTDIAL,IN,nse_inclexcl
2026-05-30,JUSTDIAL,OUT,snapshot_diff
2026-05-30,JWL,IN,snapshot_diff
2014-02-28,JYOTHYLAB,IN,nse_inclexcl
2026-05-30,JYOTHYLAB,OUT,snapshot_diff
2026-05-30,JYOTICNC,IN,snapshot_diff
1998-08-01,JYOTISTRUC,IN,nse_inclexcl
2016-04-01,JYOTISTRUC,OUT,nse_inclexcl
1998-08-01,KAJARIACER,IN,nse_inclexcl
2002-10-11,KAKATCEM,IN,nse_inclexcl
2007-09-24,KAKATCEM,OUT,nse_inclexcl
2024-02-26,KALPATPOWR,OUT,snapshot_diff
2022-05-04,KALYANKJIL,IN,snapshot_diff
1998-08-01,KANSAINER,IN,nse_inclexcl
2026-05-30,KANSAINER,OUT,snapshot_diff
2001-08-31,KARURVYSYA,IN,nse_inclexcl
2024-02-26,KAYNES,IN,snapshot_diff
2002-11-11,KCP,IN,nse_inclexcl
2016-04-01,KCP,OUT,nse_inclexcl
2009-10-22,KEC,IN,nse_inclexcl
2019-03-29,KEI,IN,nse_inclexcl
1998-08-01,KENNAMET,IN,nse_inclexcl
2002-09-19,KENNAMET,OUT,nse_inclexcl
2019-12-27,KENNAMET,IN,nse_inclexcl
2020-06-26,KENNAMET,OUT,nse_inclexcl
2023-04-04,KENNAMET,IN,snapshot_diff
2024-02-26,KENNAMET,OUT,snapshot_diff
1998-08-01,KESORAMIND,IN,nse_inclexcl
2015-09-28,KESORAMIND,OUT,nse_inclexcl
2016-04-01,KESORAMIND,IN,nse_inclexcl
2018-09-28,KESORAMIND,OUT,nse_inclexcl
2023-04-04,KFINTECH,IN,snapshot_diff
2010-04-08,KGL,IN,nse_inclexcl
2014-03-28,KGL,OUT,nse_inclexcl
2022-05-04,KIMS,IN,snapshot_diff
2018-06-29,KIOCL,IN,nse_inclexcl
2019-09-27,KIOCL,OUT,nse_inclexcl
2006-09-13,KIRLOSBROS,IN,nse_inclexcl
2010-03-09,KIRLOSBROS,OUT,nse_inclexcl
2016-04-01,KIRLOSENG,IN,nse_inclexcl
2016-09-30,KIRLOSENG,OUT,nse_inclexcl
2019-03-29,KIRLOSENG,IN,nse_inclexcl
2020-06-26,KIRLOSENG,OUT,nse_inclexcl
2026-05-30,KIRLOSENG,IN,snapshot_diff
1998-08-01,KIRLOSIND,IN,nse_inclexcl
2010-04-15,KIRLOSIND,OUT,nse_inclexcl
2014-09-19,KITEX,IN,nse_inclexcl
2018-09-28,KITEX,OUT,nse_inclexcl
2013-09-27,KKCL,IN,nse_inclexcl
2016-04-01,KKCL,OUT,nse_inclexcl
2015-03-27,KNRCON,IN,nse_inclexcl
2016-04-01,KNRCON,OUT,nse_inclexcl
2017-03-31,KNRCON,IN,nse_inclexcl
2017-09-29,KNRCON,OUT,nse_inclexcl
2018-04-02,KNRCON,IN,nse_inclexcl
2026-05-30,KNRCON,OUT,snapshot_diff
1999-02-03,KOHINOOR,IN,nse_inclexcl
2011-03-25,KOHINOOR,OUT,nse_inclexcl
2013-09-27,KOLTEPATIL,IN,nse_inclexcl
2022-05-04,KOLTEPATIL,OUT,snapshot_diff
2002-09-19,KOPDRUGS,IN,nse_inclexcl
2006-03-02,KOPDRUGS,OUT,nse_inclexcl
1998-08-01,KOPRAN,IN,nse_inclexcl
2008-09-10,KOPRAN,OUT,nse_inclexcl
1998-08-01,KOTAKBANK,IN,nse_inclexcl
2002-03-29,KOTHARIPRO,IN,nse_inclexcl
2008-12-03,KOTHARIPRO,OUT,nse_inclexcl
2006-09-13,KPIL,IN,nse_inclexcl
2024-02-26,KPIL,IN,snapshot_diff
2002-09-19,KPITTECH,IN,nse_inclexcl
2018-09-28,KPITTECH,OUT,nse_inclexcl
2019-09-27,KPITTECH,IN,nse_inclexcl
2015-03-27,KPRMILL,IN,nse_inclexcl
2015-09-28,KRBL,IN,nse_inclexcl
2026-05-30,KRBL,OUT,snapshot_diff
2000-02-16,KREBSBIO,IN,nse_inclexcl
2002-07-09,KREBSBIO,OUT,nse_inclexcl
1998-08-01,KSB,IN,nse_inclexcl
2016-04-01,KSB,OUT,nse_inclexcl
2016-09-30,KSB,IN,nse_inclexcl
2017-03-31,KSB,OUT,nse_inclexcl
2020-06-26,KSB,IN,nse_inclexcl
2022-05-04,KSB,OUT,snapshot_diff
2023-04-04,KSB,IN,snapshot_diff
2026-05-30,KSB,OUT,snapshot_diff
2013-09-27,KSCL,IN,nse_inclexcl
2022-05-04,KSCL,OUT,snapshot_diff
1998-08-01,KSL,IN,nse_inclexcl
2001-12-07,KSL,OUT,nse_inclexcl
2022-05-04,KTKBANK,OUT,snapshot_diff
2012-04-27,KWALITY,IN,nse_inclexcl
2013-04-01,KWALITY,OUT,nse_inclexcl
2016-04-01,KWALITY,IN,nse_inclexcl
2018-09-28,KWALITY,OUT,nse_inclexcl
2026-05-30,L&TFH,OUT,snapshot_diff
2016-09-30,LALPATHLAB,IN,nse_inclexcl
2015-02-02,LAOPALA,IN,nse_inclexcl
2017-03-31,LAOPALA,OUT,nse_inclexcl
2020-06-26,LAOPALA,IN,nse_inclexcl
2022-05-04,LAOPALA,OUT,snapshot_diff
2022-05-04,LATENTVIEW,IN,snapshot_diff
2017-05-26,LAURUSLABS,IN,nse_inclexcl
2026-05-30,LAXMIMACH,OUT,snapshot_diff
2018-09-28,LEMONTREE,IN,nse_inclexcl
2022-05-04,LEMONTREE,OUT,snapshot_diff
2023-04-04,LEMONTREE,IN,snapshot_diff
2026-05-30,LENSKART,IN,snapshot_diff
2004-12-10,LGBBROSLTD,IN,nse_inclexcl
2008-05-21,LGBBROSLTD,OUT,nse_inclexcl
2015-03-27,LGBBROSLTD,IN,nse_inclexcl
2016-04-01,LGBBROSLTD,OUT,nse_inclexcl
2026-05-30,LGEINDIA,IN,snapshot_diff
1998-08-01,LICHSGFIN,IN,nse_inclexcl
2022-10-09,LICI,IN,snapshot_diff
1998-08-01,LINDEINDIA,IN,nse_inclexcl
2016-04-01,LINDEINDIA,OUT,nse_inclexcl
2016-09-30,LINDEINDIA,IN,nse_inclexcl
2017-03-31,LINDEINDIA,OUT,nse_inclexcl
2017-09-29,LINDEINDIA,IN,nse_inclexcl
2018-04-02,LINDEINDIA,OUT,nse_inclexcl
2018-09-28,LINDEINDIA,IN,nse_inclexcl
2026-05-30,LLOYDSME,IN,snapshot_diff
1998-08-01,LMW,IN,nse_inclexcl
2022-05-04,LODHA,IN,snapshot_diff
2012-04-27,LOVABLE,IN,nse_inclexcl
2015-03-27,LOVABLE,OUT,nse_inclexcl
1998-08-01,LT,IN,nse_inclexcl
2004-05-24,LT,OUT,nse_inclexcl
2004-11-18,LT,IN,nse_inclexcl
2012-03-09,LTF,IN,nse_inclexcl
2026-05-30,LTF,IN,snapshot_diff
2026-05-30,LTFOODS,IN,snapshot_diff
2023-04-04,LTI,OUT,snapshot_diff
2023-04-04,LTIM,IN,snapshot_diff
2026-05-30,LTIM,OUT,snapshot_diff
2017-03-31,LTM,IN,nse_inclexcl
2026-05-30,LTM,IN,snapshot_diff
2017-03-31,LTTS,IN,nse_inclexcl
1998-08-01,LUMAXIND,IN,nse_inclexcl
2009-10-22,LUMAXIND,OUT,nse_inclexcl
2002-09-19,LUPIN,IN,nse_inclexcl
2018-09-28,LUXIND,IN,nse_inclexcl
2026-05-30,LUXIND,OUT,snapshot_diff
2022-05-04,LXCHEM,IN,snapshot_diff
2026-05-30,LXCHEM,OUT,snapshot_diff
1998-08-01,M&M,IN,nse_inclexcl
2006-10-05,M&MFIN,IN,nse_inclexcl
2002-09-19,MADRASFERT,IN,nse_inclexcl
2004-12-10,MADRASFERT,OUT,nse_inclexcl
1998-08-01,MADURACOAT,IN,nse_inclexcl
2003-04-25,MADURACOAT,OUT,nse_inclexcl
1998-08-01,MAFATIND,IN,nse_inclexcl
2000-12-13,MAFATIND,OUT,nse_inclexcl
2019-03-29,MAHABANK,IN,nse_inclexcl
2024-02-26,MAHINDCIE,OUT,snapshot_diff
2001-12-07,MAHLIFE,IN,nse_inclexcl
2017-03-31,MAHLIFE,OUT,nse_inclexcl
2022-10-09,MAHLIFE,IN,snapshot_diff
2026-05-30,MAHLIFE,OUT,snapshot_diff
2018-09-28,MAHLOG,IN,nse_inclexcl
2024-02-26,MAHLOG,OUT,snapshot_diff
1998-08-01,MAHSCOOTER,IN,nse_inclexcl
2009-03-27,MAHSCOOTER,OUT,nse_inclexcl
2013-09-27,MAHSCOOTER,IN,nse_inclexcl
2016-04-01,MAHSCOOTER,OUT,nse_inclexcl
2019-03-29,MAHSCOOTER,IN,nse_inclexcl
2022-05-04,MAHSCOOTER,OUT,snapshot_diff
1998-08-01,MAHSEAMLES,IN,nse_inclexcl
2016-04-01,MAHSEAMLES,OUT,nse_inclexcl
2019-03-29,MAHSEAMLES,IN,nse_inclexcl
2022-05-04,MAHSEAMLES,OUT,snapshot_diff
2002-09-19,MANALIPETC,IN,nse_inclexcl
2006-09-28,MANALIPETC,OUT,nse_inclexcl
2016-04-01,MANAPPURAM,IN,nse_inclexcl
1998-08-01,MANGLMCEM,IN,nse_inclexcl
2001-10-11,MANGLMCEM,OUT,nse_inclexcl
2013-09-27,MANINDS,IN,nse_inclexcl
2014-07-28,MANINDS,OUT,nse_inclexcl
2012-06-18,MANINFRA,IN,nse_inclexcl
2014-09-19,MANINFRA,OUT,nse_inclexcl
2024-02-26,MANKIND,IN,snapshot_diff
2022-10-09,MANYAVAR,IN,snapshot_diff
2026-05-30,MANYAVAR,OUT,snapshot_diff
2022-05-04,MAPMYINDIA,IN,snapshot_diff
1998-08-01,MARALOVER,IN,nse_inclexcl
2007-09-24,MARALOVER,OUT,nse_inclexcl
1998-08-01,MARICO,IN,nse_inclexcl
2013-11-01,MARICO,OUT,nse_inclexcl
2014-05-12,MARICO,IN,nse_inclexcl
2015-03-27,MARKSANS,IN,nse_inclexcl
2018-09-28,MARKSANS,OUT,nse_inclexcl
1998-08-01,MARNITPOLY,IN,nse_inclexcl
2002-04-23,MARNITPOLY,OUT,nse_inclexcl
2004-03-01,MARUTI,IN,nse_inclexcl
2018-04-02,MASFIN,IN,nse_inclexcl
2022-05-04,MASFIN,OUT,snapshot_diff
1998-08-01,MASTEK,IN,nse_inclexcl
2015-03-27,MASTEK,OUT,nse_inclexcl
2022-05-04,MASTEK,IN,snapshot_diff
2026-05-30,MASTEK,OUT,snapshot_diff
2022-05-04,MAXHEALTH,IN,snapshot_diff
1998-08-01,MAXIND,IN,nse_inclexcl
2015-09-28,MAXIND,OUT,nse_inclexcl
2017-03-16,MAXIND,IN,nse_inclexcl
2019-12-27,MAXIND,OUT,nse_inclexcl
2015-03-27,MAYURUNIQ,IN,nse_inclexcl
2017-03-31,MAYURUNIQ,OUT,nse_inclexcl
2022-05-04,MAZDOCK,IN,snapshot_diff
2015-02-02,MBLINFRA,IN,nse_inclexcl
2016-04-01,MBLINFRA,OUT,nse_inclexcl
2026-05-30,MCDOWELL-N,OUT,snapshot_diff
2007-04-04,MCLEODRUSS,IN,nse_inclexcl
2019-03-29,MCLEODRUSS,OUT,nse_inclexcl
2019-09-27,MCX,IN,nse_inclexcl
2023-04-04,MEDANTA,IN,snapshot_diff
2022-05-04,MEDPLUS,IN,snapshot_diff
2026-05-30,MEDPLUS,OUT,snapshot_diff
2026-05-30,MEESHO,IN,snapshot_diff
2006-03-02,MERCATOR,IN,nse_inclexcl
2016-04-01,MERCATOR,OUT,nse_inclexcl
1998-08-01,METALFORGE,IN,nse_inclexcl
1999-09-08,METALFORGE,OUT,nse_inclexcl
2015-09-28,METALFORGE,IN,nse_inclexcl
2016-04-01,METALFORGE,OUT,nse_inclexcl
2022-05-04,METROBRAND,IN,snapshot_diff
2026-05-30,METROBRAND,OUT,snapshot_diff
2019-09-27,METROPOLIS,IN,nse_inclexcl
2026-05-30,METROPOLIS,OUT,snapshot_diff
2023-04-04,MFL,IN,snapshot_diff
2024-02-26,MFL,OUT,snapshot_diff
2016-09-30,MFSL,IN,nse_inclexcl
2017-01-23,MFSL,OUT,nse_inclexcl
2017-09-05,MFSL,IN,nse_inclexcl
2017-09-05,MFSL,IN,nse_inclexcl
2017-03-16,MGL,IN,nse_inclexcl
2013-09-27,MHRIL,IN,nse_inclexcl
2026-05-30,MHRIL,OUT,snapshot_diff
1998-08-01,MICRO,IN,nse_inclexcl
2010-04-06,MICRO,OUT,nse_inclexcl
2019-12-26,MIDHANI,IN,nse_inclexcl
2022-05-04,MIDHANI,OUT,snapshot_diff
2016-04-01,MINDACORP,IN,nse_inclexcl
2016-09-30,MINDACORP,OUT,nse_inclexcl
2017-03-31,MINDACORP,IN,nse_inclexcl
2022-05-04,MINDACORP,OUT,snapshot_diff
2024-02-26,MINDACORP,IN,snapshot_diff
2022-10-09,MINDAIND,OUT,snapshot_diff
2007-10-05,MINDTREE,IN,nse_inclexcl
2022-10-09,MINDTREE,OUT,snapshot_diff
1999-09-08,MIRZAINT,IN,nse_inclexcl
2011-03-25,MIRZAINT,OUT,nse_inclexcl
2013-09-27,MMTC,IN,nse_inclexcl
1998-08-01,MODERNWOOL,IN,nse_inclexcl
1999-02-03,MODERNWOOL,OUT,nse_inclexcl
1998-08-01,MODILUFT,IN,nse_inclexcl
1999-09-08,MODILUFT,OUT,nse_inclexcl
1998-08-01,MODIRUBBER,IN,nse_inclexcl
2002-11-11,MODIRUBBER,OUT,nse_inclexcl
1998-08-01,MODTHREAD,IN,nse_inclexcl
1999-02-03,MODTHREAD,OUT,nse_inclexcl
2013-01-23,MOIL,IN,nse_inclexcl
2023-04-04,MOIL,OUT,snapshot_diff
2001-04-25,MONSANTO,IN,nse_inclexcl
2018-04-02,MONSANTO,OUT,nse_inclexcl
2018-09-28,MONSANTO,IN,nse_inclexcl
2019-06-28,MONSANTO,OUT,nse_inclexcl
1998-08-01,MOREPENLAB,IN,nse_inclexcl
2005-06-29,MOREPENLAB,OUT,nse_inclexcl
2001-12-07,MOTHERSON,IN,nse_inclexcl
2022-10-09,MOTHERSON,IN,snapshot_diff
2022-05-04,MOTHERSUMI,OUT,snapshot_diff
2009-04-17,MOTILALOFS,IN,nse_inclexcl
2000-12-13,MPHASIS,IN,nse_inclexcl
2003-02-25,MPSLTD,IN,nse_inclexcl
2008-11-05,MPSLTD,OUT,nse_inclexcl
1998-08-01,MRF,IN,nse_inclexcl
1999-05-26,MRPL,IN,nse_inclexcl
2022-10-09,MSUMI,IN,snapshot_diff
2022-05-04,MTARTECH,IN,snapshot_diff
2026-05-30,MTARTECH,OUT,snapshot_diff
2013-09-27,MTEDUCARE,IN,nse_inclexcl
2016-04-01,MTEDUCARE,OUT,nse_inclexcl
1998-08-01,MTNL,IN,nse_inclexcl
2014-03-28,MTNL,OUT,nse_inclexcl
2016-04-01,MTNL,IN,nse_inclexcl
2018-09-28,MTNL,OUT,nse_inclexcl
2001-12-07,MUKTAARTS,IN,nse_inclexcl
2010-04-08,MUKTAARTS,OUT,nse_inclexcl
2004-04-12,MUNJALAU,IN,nse_inclexcl
2006-05-17,MUNJALAU,OUT,nse_inclexcl
1998-08-01,MUNJALSHOW,IN,nse_inclexcl
2002-09-19,MUNJALSHOW,OUT,nse_inclexcl
2003-01-21,MUNJALSHOW,IN,nse_inclexcl
2011-03-25,MUNJALSHOW,OUT,nse_inclexcl
2015-03-27,MUNJALSHOW,IN,nse_inclexcl
2016-04-01,MUNJALSHOW,OUT,nse_inclexcl
2012-04-27,MUTHOOTFIN,IN,nse_inclexcl
1998-08-01,NAHARINDUS,IN,nse_inclexcl
2001-04-25,NAHARINDUS,OUT,nse_inclexcl
1998-08-01,NAHARPOLY,IN,nse_inclexcl
2007-01-24,NAHARPOLY,OUT,nse_inclexcl
1998-08-01,NAHARSPING,IN,nse_inclexcl
2007-01-24,NAHARSPING,OUT,nse_inclexcl
2018-09-28,NAM-INDIA,IN,nse_inclexcl
2015-05-29,NATCOPHARM,IN,nse_inclexcl
1999-04-29,NATIONALUM,IN,nse_inclexcl
2008-01-28,NAUKRI,IN,nse_inclexcl
2004-03-15,NAVA,IN,nse_inclexcl
2016-04-01,NAVA,OUT,nse_inclexcl
2017-03-31,NAVA,IN,nse_inclexcl
2026-05-30,NAVA,IN,snapshot_diff
2016-09-30,NAVINFLUOR,IN,nse_inclexcl
2016-04-01,NAVKARCORP,IN,nse_inclexcl
2019-03-29,NAVKARCORP,OUT,nse_inclexcl
1998-08-01,NAVNETEDUL,IN,nse_inclexcl
2016-04-01,NAVNETEDUL,OUT,nse_inclexcl
2017-03-31,NAVNETEDUL,IN,nse_inclexcl
2018-04-02,NAVNETEDUL,OUT,nse_inclexcl
2022-05-04,NAZARA,IN,snapshot_diff
2026-05-30,NAZARA,OUT,snapshot_diff
2014-03-28,NBCC,IN,nse_inclexcl
2022-05-04,NBVENTURES,OUT,snapshot_diff
2004-12-10,NCC,IN,nse_inclexcl
2001-10-11,NDLVENTURE,IN,nse_inclexcl
2007-03-29,NDLVENTURE,OUT,nse_inclexcl
2002-08-13,NELCO,IN,nse_inclexcl
2012-04-27,NELCO,OUT,nse_inclexcl
1998-08-01,NEPCMICON,IN,nse_inclexcl
2009-03-27,NEPCMICON,OUT,nse_inclexcl
2018-04-02,NESCO,IN,nse_inclexcl
2022-10-09,NESCO,OUT,snapshot_diff
1998-08-01,NESTLEIND,IN,nse_inclexcl
2003-08-04,NESTLEIND,OUT,nse_inclexcl
2019-09-27,NESTLEIND,IN,nse_inclexcl
2026-05-30,NETWEB,IN,snapshot_diff
2011-10-10,NETWORK18,IN,nse_inclexcl
2020-06-26,NETWORK18,OUT,nse_inclexcl
2022-05-04,NETWORK18,IN,snapshot_diff
2026-05-30,NETWORK18,OUT,snapshot_diff
2026-05-30,NEULANDLAB,IN,snapshot_diff
2026-05-30,NEWGEN,IN,snapshot_diff
2002-04-23,NEXTMEDIA,IN,nse_inclexcl
2011-01-20,NEXTMEDIA,OUT,nse_inclexcl
2009-03-27,NFL,IN,nse_inclexcl
2012-04-27,NFL,OUT,nse_inclexcl
2017-09-29,NFL,IN,nse_inclexcl
2022-05-04,NFL,OUT,snapshot_diff
2016-09-30,NH,IN,nse_inclexcl
2010-04-06,NHPC,IN,nse_inclexcl
2018-09-28,NIACL,IN,nse_inclexcl
2008-02-15,NIITLTD,IN,nse_inclexcl
2016-04-01,NIITLTD,OUT,nse_inclexcl
2022-10-09,NIITLTD,IN,snapshot_diff
2023-04-04,NIITLTD,OUT,snapshot_diff
2022-05-04,NIITTECH,OUT,snapshot_diff
1999-09-08,NILKAMAL,IN,nse_inclexcl
2013-04-01,NILKAMAL,OUT,nse_inclexcl
2016-09-30,NILKAMAL,IN,nse_inclexcl
2022-05-04,NILKAMAL,OUT,snapshot_diff
1998-08-01,NIPPONDENS,IN,nse_inclexcl
2002-10-11,NIPPONDENS,OUT,nse_inclexcl
2026-05-30,NIVABUPA,IN,snapshot_diff
2001-12-07,NLCINDIA,IN,nse_inclexcl
2008-09-10,NMDC,IN,nse_inclexcl
2022-10-09,NMDC,OUT,snapshot_diff
2023-04-04,NMDC,IN,snapshot_diff
1998-08-01,NOCIL,IN,nse_inclexcl
2004-12-10,NOCIL,OUT,nse_inclexcl
2014-09-19,NOCIL,IN,nse_inclexcl
2016-04-01,NOCIL,OUT,nse_inclexcl
2022-05-04,NOCIL,IN,snapshot_diff
2024-02-26,NOCIL,OUT,snapshot_diff
2007-04-04,NOIDATOLL,IN,nse_inclexcl
2016-04-01,NOIDATOLL,OUT,nse_inclexcl
1998-08-01,NOVARTIND,IN,nse_inclexcl
2003-05-02,NOVARTIND,OUT,nse_inclexcl
2002-09-19,NRBBEARING,IN,nse_inclexcl
2011-10-10,NRBBEARING,OUT,nse_inclexcl
2024-02-26,NSLNISP,IN,snapshot_diff
2005-03-24,NTPC,IN,nse_inclexcl
2026-05-30,NTPCGREEN,IN,snapshot_diff
2026-05-30,NUVAMA,IN,snapshot_diff
2022-05-04,NUVOCO,IN,snapshot_diff
2022-05-04,NYKAA,IN,snapshot_diff
2011-04-21,OBEROIRLTY,IN,nse_inclexcl
2016-09-30,OCL,IN,nse_inclexcl
2017-01-23,OCL,OUT,nse_inclexcl
2002-04-23,OENCONNECT,IN,nse_inclexcl
2007-09-10,OENCONNECT,OUT,nse_inclexcl
2003-03-17,OFSS,IN,nse_inclexcl
2010-04-15,OIL,IN,nse_inclexcl
1998-08-01,OILCOUNTUB,IN,nse_inclexcl
1999-05-26,OILCOUNTUB,OUT,nse_inclexcl
2026-05-30,OLAELEC,IN,snapshot_diff
2022-10-09,OLECTRA,IN,snapshot_diff
2003-12-05,OMAXAUTO,IN,nse_inclexcl
2011-03-25,OMAXAUTO,OUT,nse_inclexcl
2008-11-05,OMAXE,IN,nse_inclexcl
2022-05-04,OMAXE,OUT,snapshot_diff
2013-04-01,ONELIFECAP,IN,nse_inclexcl
2013-09-27,ONELIFECAP,OUT,nse_inclexcl
2026-05-30,ONESOURCE,IN,snapshot_diff
2002-06-06,ONGC,IN,nse_inclexcl
1998-08-01,ONIDA,IN,nse_inclexcl
2012-09-28,ONIDA,OUT,nse_inclexcl
2002-05-21,ONWARDTEC,IN,nse_inclexcl
2007-09-24,ONWARDTEC,OUT,nse_inclexcl
1998-08-01,ORCHIDPHAR,IN,nse_inclexcl
2015-09-28,ORCHIDPHAR,OUT,nse_inclexcl
2015-09-28,ORIENTCEM,IN,nse_inclexcl
2022-05-04,ORIENTCEM,OUT,snapshot_diff
2019-03-29,ORIENTELEC,IN,nse_inclexcl
2026-05-30,ORIENTELEC,OUT,snapshot_diff
1998-08-01,ORIENTHOT,IN,nse_inclexcl
2013-04-01,ORIENTHOT,OUT,nse_inclexcl
1998-08-01,ORIENTPPR,IN,nse_inclexcl
2013-03-07,ORIENTPPR,OUT,nse_inclexcl
2022-05-04,ORIENTREF,OUT,snapshot_diff
1998-08-01,OSWALAGRO,IN,nse_inclexcl
2002-03-29,OSWALAGRO,OUT,nse_inclexcl
1998-08-01,OSWALGREEN,IN,nse_inclexcl
2004-03-15,OSWALGREEN,OUT,nse_inclexcl
2007-09-24,OSWALGREEN,IN,nse_inclexcl
2016-04-01,OSWALGREEN,OUT,nse_inclexcl
2001-06-20,PADMINPOLY,IN,nse_inclexcl
2003-01-21,PADMINPOLY,OUT,nse_inclexcl
2011-10-10,PAGEIND,IN,nse_inclexcl
2012-05-21,PAISALO,IN,nse_inclexcl
2016-04-01,PAISALO,OUT,nse_inclexcl
2000-12-20,PANACEABIO,IN,nse_inclexcl
2012-04-27,PANACEABIO,OUT,nse_inclexcl
2026-05-30,PARADEEP,IN,snapshot_diff
2017-03-31,PARAGMILK,IN,nse_inclexcl
2020-06-26,PARAGMILK,OUT,nse_inclexcl
2007-04-30,PARSVNATH,IN,nse_inclexcl
2016-09-30,PARSVNATH,OUT,nse_inclexcl
1998-08-01,PATANJALI,IN,nse_inclexcl
2017-09-29,PATANJALI,OUT,nse_inclexcl
2022-10-09,PATANJALI,IN,snapshot_diff
2005-06-29,PATELENG,IN,nse_inclexcl
2016-04-01,PATELENG,OUT,nse_inclexcl
2002-09-19,PAVCI,IN,nse_inclexcl
2002-11-11,PAVCI,OUT,nse_inclexcl
2022-05-04,PAYTM,IN,snapshot_diff
1998-08-01,PCBL,IN,nse_inclexcl
2002-01-17,PCBL,OUT,nse_inclexcl
2018-09-28,PCBL,IN,nse_inclexcl
2022-05-04,PCBL,IN,snapshot_diff
2016-04-01,PCJEWELLER,IN,nse_inclexcl
2020-06-26,PCJEWELLER,OUT,nse_inclexcl
1998-08-01,PEL,IN,nse_inclexcl
2008-02-15,PEL,OUT,nse_inclexcl
2009-03-27,PEL,IN,nse_inclexcl
2022-10-09,PEL,OUT,snapshot_diff
2023-04-04,PEL,IN,snapshot_diff
2026-05-30,PEL,OUT,snapshot_diff
2015-03-27,PENIND,IN,nse_inclexcl
2016-04-01,PENIND,OUT,nse_inclexcl
1998-08-01,PENINLAND,IN,nse_inclexcl
2004-12-10,PENINLAND,OUT,nse_inclexcl
2010-02-24,PENINLAND,IN,nse_inclexcl
2016-04-01,PENINLAND,OUT,nse_inclexcl
2000-12-13,PENTACOMMU,IN,nse_inclexcl
2006-09-13,PENTACOMMU,OUT,nse_inclexcl
1998-08-01,PENTSFWARE,IN,nse_inclexcl
2006-09-13,PENTSFWARE,OUT,nse_inclexcl
2011-10-10,PERSISTENT,IN,nse_inclexcl
2004-12-10,PETRONET,IN,nse_inclexcl
2007-09-24,PFC,IN,nse_inclexcl
1998-08-01,PFIZER,IN,nse_inclexcl
2012-09-28,PFOCUS,IN,nse_inclexcl
2015-03-27,PFOCUS,OUT,nse_inclexcl
2026-07-25,PFOCUS,IN,snapshot_diff
2026-05-30,PGEL,IN,snapshot_diff
1998-08-01,PGHH,IN,nse_inclexcl
2003-04-01,PGHH,OUT,nse_inclexcl
2004-12-10,PGHH,IN,nse_inclexcl
2026-05-30,PGHH,OUT,snapshot_diff
1998-08-01,PGHL,IN,nse_inclexcl
2023-04-04,PGHL,OUT,snapshot_diff
2024-02-26,PGHL,IN,snapshot_diff
2026-05-30,PGHL,OUT,snapshot_diff
2008-02-15,PGIL,IN,nse_inclexcl
2011-03-25,PGIL,OUT,nse_inclexcl
1999-12-08,PHARMACIA,IN,nse_inclexcl
2005-03-04,PHARMACIA,OUT,nse_inclexcl
2022-05-04,PHILIPCARB,OUT,snapshot_diff
1998-08-01,PIDILITIND,IN,nse_inclexcl
1998-08-01,PIIND,IN,nse_inclexcl
2002-04-23,PIIND,OUT,nse_inclexcl
2014-03-28,PIIND,IN,nse_inclexcl
1998-08-01,PILITA,IN,nse_inclexcl
1999-05-26,PILITA,OUT,nse_inclexcl
2026-05-30,PINELABS,IN,snapshot_diff
2026-05-30,PIRAMALFIN,IN,snapshot_diff
2003-03-27,PNB,IN,nse_inclexcl
2002-03-29,PNBGILTS,IN,nse_inclexcl
2011-10-10,PNBGILTS,OUT,nse_inclexcl
2017-05-26,PNBHOUSING,IN,nse_inclexcl
2002-05-14,PNC,IN,nse_inclexcl
2007-04-04,PNC,OUT,nse_inclexcl
2015-10-19,PNCINFRA,IN,nse_inclexcl
2026-05-30,PNCINFRA,OUT,snapshot_diff
2000-05-24,POLARIS,IN,nse_inclexcl
2014-09-19,POLARIS,OUT,nse_inclexcl
2016-04-01,POLARIS,IN,nse_inclexcl
2018-02-05,POLARIS,OUT,nse_inclexcl
2022-05-04,POLICYBZR,IN,snapshot_diff
2019-09-27,POLYCAB,IN,nse_inclexcl
2020-06-26,POLYMED,IN,nse_inclexcl
2022-05-04,POLYPLEX,IN,snapshot_diff
2026-05-30,POLYPLEX,OUT,snapshot_diff
2013-09-27,POONAWALLA,IN,nse_inclexcl
2020-06-26,POONAWALLA,OUT,nse_inclexcl
2022-05-04,POONAWALLA,IN,snapshot_diff
2008-03-14,POWERGRID,IN,nse_inclexcl
2022-05-04,POWERINDIA,IN,snapshot_diff
2023-04-04,PPLPHARMA,IN,snapshot_diff
2003-05-02,PRAJIND,IN,nse_inclexcl
2026-05-30,PRAJIND,OUT,snapshot_diff
1998-08-01,PRAKASH,IN,nse_inclexcl
1999-05-26,PRAKASH,OUT,nse_inclexcl
2012-04-27,PRAKASH,IN,nse_inclexcl
2016-04-01,PRAKASH,OUT,nse_inclexcl
1998-08-01,PREMIER,IN,nse_inclexcl
2000-05-24,PREMIER,OUT,nse_inclexcl
2026-05-30,PREMIERENE,IN,snapshot_diff
2011-05-03,PRESTIGE,IN,nse_inclexcl
2002-09-19,PRICOLLTD,IN,nse_inclexcl
2011-10-10,PRICOLLTD,OUT,nse_inclexcl
1998-08-01,PRIMESECU,IN,nse_inclexcl
1999-12-08,PRIMESECU,OUT,nse_inclexcl
2022-05-04,PRINCEPIPE,IN,snapshot_diff
2026-05-30,PRINCEPIPE,OUT,snapshot_diff
2022-05-04,PRIVISCL,IN,snapshot_diff
2023-04-04,PRIVISCL,OUT,snapshot_diff
2002-03-29,PRSMJOHNSN,IN,nse_inclexcl
2002-09-19,PRSMJOHNSN,OUT,nse_inclexcl
2003-01-21,PRSMJOHNSN,IN,nse_inclexcl
2026-05-30,PRSMJOHNSN,OUT,snapshot_diff
2002-09-19,PSL,IN,nse_inclexcl
2014-03-28,PSL,OUT,nse_inclexcl
2009-10-22,PTC,IN,nse_inclexcl
2022-05-04,PTC,OUT,snapshot_diff
1998-08-01,PTCIL,IN,nse_inclexcl
1998-10-07,PTCIL,OUT,nse_inclexcl
2026-05-30,PTCIL,IN,snapshot_diff
1998-08-01,PUNJABCHEM,IN,nse_inclexcl
1998-08-01,PUNJABCHEM,IN,nse_inclexcl
2002-03-29,PUNJABCHEM,OUT,nse_inclexcl
2009-03-27,PURVA,IN,nse_inclexcl
2016-09-30,PURVA,OUT,nse_inclexcl
1999-05-26,PVP,IN,nse_inclexcl
2011-03-25,PVP,OUT,nse_inclexcl
2024-02-26,PVR,OUT,snapshot_diff
2013-03-19,PVRINOX,IN,nse_inclexcl
2024-02-26,PVRINOX,IN,snapshot_diff
2026-05-30,PWL,IN,snapshot_diff
2017-03-31,QUESS,IN,nse_inclexcl
2026-05-30,QUESS,OUT,snapshot_diff
2005-04-20,RADICO,IN,nse_inclexcl
1998-08-01,RAILTEL,IN,nse_inclexcl
2001-08-31,RAILTEL,OUT,nse_inclexcl
2022-05-04,RAILTEL,IN,snapshot_diff
2022-10-09,RAILTEL,OUT,snapshot_diff
2026-05-30,RAILTEL,IN,snapshot_diff
2002-07-09,RAIN,IN,nse_inclexcl
2004-03-15,RAIN,OUT,nse_inclexcl
2014-06-30,RAIN,IN,nse_inclexcl
2026-05-30,RAIN,OUT,snapshot_diff
2023-04-04,RAINBOW,IN,snapshot_diff
2005-09-26,RAJESHEXPO,IN,nse_inclexcl
2026-05-30,RAJESHEXPO,OUT,snapshot_diff
2013-11-18,RAJTV,IN,nse_inclexcl
2015-03-27,RAJTV,OUT,nse_inclexcl
1999-09-08,RALLIS,IN,nse_inclexcl
2026-05-30,RALLIS,OUT,snapshot_diff
2004-12-10,RAMANEWS,IN,nse_inclexcl
2006-08-02,RAMANEWS,OUT,nse_inclexcl
1998-08-01,RAMCOCEM,IN,nse_inclexcl
2000-09-03,RAMCOIND,IN,nse_inclexcl
2015-09-28,RAMCOIND,OUT,nse_inclexcl
2001-04-25,RAMCOSYS,IN,nse_inclexcl
2011-03-25,RAMCOSYS,OUT,nse_inclexcl
2016-04-01,RAMCOSYS,IN,nse_inclexcl
2018-09-28,RAMCOSYS,OUT,nse_inclexcl
2014-09-19,RATNAMANI,IN,nse_inclexcl
2016-09-30,RATNAMANI,OUT,nse_inclexcl
2017-03-31,RATNAMANI,IN,nse_inclexcl
2017-09-29,RATNAMANI,OUT,nse_inclexcl
2019-09-27,RATNAMANI,IN,nse_inclexcl
2026-05-30,RATNAMANI,OUT,snapshot_diff
1998-08-01,RAYMOND,IN,nse_inclexcl
2022-05-04,RAYMOND,OUT,snapshot_diff
2022-10-09,RAYMOND,IN,snapshot_diff
2026-05-30,RAYMOND,OUT,snapshot_diff
1998-08-01,RAYMONDSYN,IN,nse_inclexcl
2001-04-25,RAYMONDSYN,OUT,nse_inclexcl
2022-05-04,RBA,IN,snapshot_diff
2026-05-30,RBA,OUT,snapshot_diff
2017-01-23,RBLBANK,IN,nse_inclexcl
1998-08-01,RCF,IN,nse_inclexcl
2026-05-30,RCF,OUT,snapshot_diff
2006-07-10,RCOM,IN,nse_inclexcl
2019-09-27,RCOM,OUT,nse_inclexcl
1998-08-01,RECKCOLMAN,IN,nse_inclexcl
2003-03-27,RECKCOLMAN,OUT,nse_inclexcl
2008-09-10,RECLTD,IN,nse_inclexcl
2009-10-22,REDINGTON,IN,nse_inclexcl
2003-09-11,REGENCERAM,IN,nse_inclexcl
2006-03-02,REGENCERAM,OUT,nse_inclexcl
2016-04-01,RELAXO,IN,nse_inclexcl
2017-09-29,RELAXO,OUT,nse_inclexcl
2017-11-13,RELAXO,IN,nse_inclexcl
2026-05-30,RELAXO,OUT,snapshot_diff
1998-08-01,RELIANCE,IN,nse_inclexcl
2008-12-03,RELIGARE,IN,nse_inclexcl
2016-04-01,RELIGARE,OUT,nse_inclexcl
2016-09-30,RELIGARE,IN,nse_inclexcl
2018-09-28,RELIGARE,OUT,nse_inclexcl
1998-08-01,RELINFRA,IN,nse_inclexcl
2020-06-26,RELINFRA,OUT,nse_inclexcl
2002-03-29,RELMEDIA,IN,nse_inclexcl
2009-07-31,RELMEDIA,OUT,nse_inclexcl
2011-02-08,RELMEDIA,IN,nse_inclexcl
2012-09-28,RELMEDIA,OUT,nse_inclexcl
2006-04-13,RENUKA,IN,nse_inclexcl
2026-05-30,RENUKA,OUT,snapshot_diff
2014-09-19,REPCOHOME,IN,nse_inclexcl
2022-05-04,REPCOHOME,OUT,snapshot_diff
2019-12-26,RESPONIND,IN,nse_inclexcl
2020-06-26,RESPONIND,OUT,nse_inclexcl
2018-04-02,RHFL,IN,nse_inclexcl
2019-09-27,RHFL,OUT,nse_inclexcl
2019-09-27,RHIM,IN,nse_inclexcl
2022-05-04,RHIM,IN,snapshot_diff
1998-08-01,RICOAUTO,IN,nse_inclexcl
1999-09-08,RICOAUTO,OUT,nse_inclexcl
2003-03-05,RICOAUTO,IN,nse_inclexcl
2011-10-10,RICOAUTO,OUT,nse_inclexcl
2015-09-28,RICOAUTO,IN,nse_inclexcl
2016-04-01,RICOAUTO,OUT,nse_inclexcl
1998-08-01,RIIL,IN,nse_inclexcl
2017-09-29,RIIL,OUT,nse_inclexcl
2018-12-28,RITES,IN,nse_inclexcl
2016-04-01,RKFORGE,IN,nse_inclexcl
2019-09-27,RKFORGE,OUT,nse_inclexcl
2026-05-30,RKFORGE,IN,snapshot_diff
2019-03-29,RNAVAL,OUT,nse_inclexcl
2000-11-29,ROOFITIND,IN,nse_inclexcl
2003-03-17,ROOFITIND,OUT,nse_inclexcl
2022-05-04,ROSSARI,IN,snapshot_diff
2026-05-30,ROSSARI,OUT,snapshot_diff
2022-05-04,ROUTE,IN,snapshot_diff
2026-05-30,ROUTE,OUT,snapshot_diff
1998-08-01,RPGCABLES,IN,nse_inclexcl
2004-12-10,RPGCABLES,OUT,nse_inclexcl
1998-08-01,RPGTLTD,IN,nse_inclexcl
2002-04-23,RPGTLTD,OUT,nse_inclexcl
2008-09-10,RPOWER,IN,nse_inclexcl
2020-06-26,RPOWER,OUT,nse_inclexcl
2026-05-30,RPOWER,IN,snapshot_diff
2026-05-30,RRKABEL,IN,snapshot_diff
2001-01-10,RSSOFTWARE,IN,nse_inclexcl
2004-12-10,RSSOFTWARE,OUT,nse_inclexcl
1998-08-01,RSWM,IN,nse_inclexcl
2009-04-17,RSWM,OUT,nse_inclexcl
2022-05-04,RTNINDIA,IN,snapshot_diff
2026-05-30,RTNINDIA,OUT,snapshot_diff
2011-10-10,RTNPOWER,IN,nse_inclexcl
2015-09-28,RTNPOWER,OUT,nse_inclexcl
2016-04-01,RTNPOWER,IN,nse_inclexcl
2018-09-28,RTNPOWER,OUT,nse_inclexcl
2017-09-29,RUPA,IN,nse_inclexcl
2019-09-27,RUPA,OUT,nse_inclexcl
2023-04-04,RUSTOMJEE,IN,snapshot_diff
2024-02-26,RUSTOMJEE,OUT,snapshot_diff
2019-09-27,RVNL,IN,nse_inclexcl
2011-03-25,SADBHAV,IN,nse_inclexcl
2022-05-04,SADBHAV,OUT,snapshot_diff
2016-04-01,SADBHIN,IN,nse_inclexcl
2016-09-30,SADBHIN,OUT,nse_inclexcl
2018-04-02,SADBHIN,IN,nse_inclexcl
2019-03-29,SADBHIN,OUT,nse_inclexcl
2024-02-26,SAFARI,IN,snapshot_diff
2026-05-30,SAFARI,OUT,snapshot_diff
2026-05-30,SAGILITY,IN,snapshot_diff
1998-08-01,SAIL,IN,nse_inclexcl
2026-05-30,SAILIFE,IN,snapshot_diff
1998-08-01,SAKHTISUG,IN,nse_inclexcl
2011-10-10,SAKHTISUG,OUT,nse_inclexcl
2014-03-28,SAMMAANCAP,IN,nse_inclexcl
2026-05-30,SAMMAANCAP,IN,snapshot_diff
2000-12-13,SANDESH,IN,nse_inclexcl
2009-03-27,SANDESH,OUT,nse_inclexcl
1998-08-01,SANOFI,IN,nse_inclexcl
2026-05-30,SANOFI,OUT,snapshot_diff
2022-05-04,SAPPHIRE,IN,snapshot_diff
2026-05-30,SARDAEN,IN,snapshot_diff
2000-05-10,SAREGAMA,IN,nse_inclexcl
2011-03-25,SAREGAMA,OUT,nse_inclexcl
2022-05-04,SAREGAMA,IN,snapshot_diff
2023-04-04,SAREGAMA,OUT,snapshot_diff
2024-02-26,SAREGAMA,IN,snapshot_diff
1998-08-01,SAURASHCEM,IN,nse_inclexcl
2001-12-07,SAURASHCEM,OUT,nse_inclexcl
2026-05-30,SBFC,IN,snapshot_diff
2020-07-31,SBICARD,IN,nse_inclexcl
2022-05-04,SBICARD,IN,snapshot_diff
2018-04-02,SBILIFE,IN,nse_inclexcl
1998-08-01,SBIN,IN,nse_inclexcl
1998-08-01,SCHAEFFLER,IN,nse_inclexcl
2016-01-18,SCHNEIDER,IN,nse_inclexcl
2018-04-02,SCHNEIDER,OUT,nse_inclexcl
2020-06-26,SCHNEIDER,IN,nse_inclexcl
2022-05-04,SCHNEIDER,OUT,snapshot_diff
2026-05-30,SCHNEIDER,IN,snapshot_diff
1998-08-01,SCI,IN,nse_inclexcl
2019-09-27,SCI,OUT,nse_inclexcl
2020-06-26,SCI,IN,nse_inclexcl
2023-04-04,SCI,OUT,snapshot_diff
2026-05-30,SCI,IN,snapshot_diff
2000-12-13,SEAMECLTD,IN,nse_inclexcl
2011-10-10,SEAMECLTD,OUT,nse_inclexcl
2016-04-01,SECURKLOUD,IN,nse_inclexcl
2019-03-29,SECURKLOUD,OUT,nse_inclexcl
2022-10-09,SEQUENT,OUT,snapshot_diff
1998-08-01,SESHAPAPER,IN,nse_inclexcl
2009-10-22,SESHAPAPER,OUT,nse_inclexcl
2017-06-23,SFL,IN,nse_inclexcl
2018-09-28,SFL,OUT,nse_inclexcl
2018-12-28,SFL,IN,nse_inclexcl
2023-04-04,SFL,OUT,snapshot_diff
2024-02-26,SFL,IN,snapshot_diff
2026-05-30,SFL,OUT,snapshot_diff
2018-04-02,SHANKARA,IN,nse_inclexcl
2019-09-27,SHANKARA,OUT,nse_inclexcl
2002-07-09,SHANTIGEAR,IN,nse_inclexcl
2016-04-01,SHANTIGEAR,OUT,nse_inclexcl
2016-04-01,SHARDACROP,IN,nse_inclexcl
2018-04-02,SHARDACROP,OUT,nse_inclexcl
2019-03-29,SHARDACROP,IN,nse_inclexcl
2019-09-27,SHARDACROP,OUT,nse_inclexcl
2022-10-09,SHARDACROP,IN,snapshot_diff
2026-05-30,SHARDACROP,OUT,snapshot_diff
2000-02-16,SHASUNPHAR,IN,nse_inclexcl
2015-03-27,SHASUNPHAR,OUT,nse_inclexcl
2016-04-01,SHILPAMED,IN,nse_inclexcl
2018-04-02,SHILPAMED,OUT,nse_inclexcl
2018-09-28,SHILPAMED,IN,nse_inclexcl
2020-06-26,SHILPAMED,OUT,nse_inclexcl
2022-05-04,SHILPAMED,IN,snapshot_diff
2023-04-04,SHILPAMED,OUT,snapshot_diff
2002-09-19,SHIRPUR-G,IN,nse_inclexcl
2005-04-20,SHIRPUR-G,OUT,nse_inclexcl
2016-04-29,SHK,IN,nse_inclexcl
2020-06-26,SHK,OUT,nse_inclexcl
2006-01-06,SHOPERSTOP,IN,nse_inclexcl
2017-03-31,SHOPERSTOP,OUT,nse_inclexcl
2017-09-29,SHOPERSTOP,IN,nse_inclexcl
2022-05-04,SHOPERSTOP,OUT,snapshot_diff
2022-10-09,SHOPERSTOP,IN,snapshot_diff
2026-05-30,SHOPERSTOP,OUT,snapshot_diff
1998-08-01,SHREECEM,IN,nse_inclexcl
1998-08-01,SHREEKRPET,IN,nse_inclexcl
1999-02-03,SHREEKRPET,OUT,nse_inclexcl
1998-08-01,SHREEKRPOL,IN,nse_inclexcl
1999-02-03,SHREEKRPOL,OUT,nse_inclexcl
2001-08-31,SHREERAMA,IN,nse_inclexcl
2006-03-02,SHREERAMA,OUT,nse_inclexcl
2022-10-09,SHRIRAMCIT,OUT,snapshot_diff
2003-09-05,SHRIRAMFIN,IN,nse_inclexcl
2023-04-04,SHRIRAMFIN,IN,snapshot_diff
2022-05-04,SHYAMMETL,IN,snapshot_diff
2000-09-03,SHYAMTEL,IN,nse_inclexcl
2006-07-25,SHYAMTEL,OUT,nse_inclexcl
1998-08-01,SIEMENS,IN,nse_inclexcl
2026-05-30,SIGNATURE,IN,snapshot_diff
1999-09-08,SILVERLINE,IN,nse_inclexcl
2003-04-07,SILVERLINE,OUT,nse_inclexcl
2006-03-02,SIMPLEXINF,IN,nse_inclexcl
2017-03-31,SIMPLEXINF,OUT,nse_inclexcl
2018-04-02,SIS,IN,nse_inclexcl
2023-04-04,SIS,OUT,snapshot_diff
2008-02-15,SITINET,IN,nse_inclexcl
2009-03-27,SITINET,OUT,nse_inclexcl
2015-09-28,SITINET,IN,nse_inclexcl
2017-03-31,SITINET,OUT,nse_inclexcl
2016-04-01,SJVN,IN,nse_inclexcl
1998-08-01,SKFINDIA,IN,nse_inclexcl
2026-05-30,SKFINDIA,OUT,snapshot_diff
2002-09-19,SKUMARSYNF,IN,nse_inclexcl
2008-04-24,SKUMARSYNF,OUT,nse_inclexcl
2008-09-10,SKUMARSYNF,IN,nse_inclexcl
2014-09-19,SKUMARSYNF,OUT,nse_inclexcl
2002-04-23,SMARTLINK,IN,nse_inclexcl
2010-04-08,SMARTLINK,OUT,nse_inclexcl
2004-01-02,SMLMAH,IN,nse_inclexcl
2009-03-27,SMLMAH,OUT,nse_inclexcl
2016-04-01,SMLMAH,IN,nse_inclexcl
2018-09-28,SMLMAH,OUT,nse_inclexcl
2016-04-01,SNOWMAN,IN,nse_inclexcl
2018-04-02,SNOWMAN,OUT,nse_inclexcl
2007-09-24,SOBHA,IN,nse_inclexcl
2022-05-04,SOLARA,IN,snapshot_diff
2022-10-09,SOLARA,OUT,snapshot_diff
2016-04-01,SOLARINDS,IN,nse_inclexcl
2016-04-01,SOMANYCERA,IN,nse_inclexcl
2018-04-02,SOMANYCERA,OUT,nse_inclexcl
2022-05-04,SONACOMS,IN,snapshot_diff
2000-09-03,SONATSOFTW,IN,nse_inclexcl
2002-03-29,SOUTHBANK,IN,nse_inclexcl
2022-05-04,SOUTHBANK,OUT,snapshot_diff
2019-12-27,SPANDANA,IN,nse_inclexcl
2022-05-04,SPANDANA,OUT,snapshot_diff
2013-03-07,SPARC,IN,nse_inclexcl
2013-09-27,SPARC,OUT,nse_inclexcl
2014-03-28,SPARC,IN,nse_inclexcl
2026-05-30,SPARC,OUT,snapshot_diff
1998-08-01,SPECIALSTL,IN,nse_inclexcl
2002-06-06,SPECIALSTL,OUT,nse_inclexcl
1998-08-01,SPIC,IN,nse_inclexcl
2004-12-10,SPIC,OUT,nse_inclexcl
2019-12-27,SPICEJET,IN,nse_inclexcl
2022-10-09,SPICEJET,OUT,snapshot_diff
2001-12-07,SPICFINE,IN,nse_inclexcl
2003-04-01,SPICFINE,OUT,nse_inclexcl
1998-08-01,SPLPETRO,IN,nse_inclexcl
2016-04-01,SPLPETRO,OUT,nse_inclexcl
2017-09-29,SPLPETRO,IN,nse_inclexcl
2018-04-02,SPLPETRO,OUT,nse_inclexcl
2026-05-30,SPLPETRO,IN,snapshot_diff
1999-12-08,SQRDSFWARE,IN,nse_inclexcl
2005-09-26,SQRDSFWARE,OUT,nse_inclexcl
2000-11-29,SQUAREDBIO,IN,nse_inclexcl
2001-12-07,SQUAREDBIO,OUT,nse_inclexcl
2002-09-19,SREINFRA,IN,nse_inclexcl
2019-09-27,SREINFRA,OUT,nse_inclexcl
1998-08-01,SRF,IN,nse_inclexcl
2015-09-28,SRIPIPES,IN,nse_inclexcl
2016-04-01,SRIPIPES,OUT,nse_inclexcl
2023-04-04,SRTRANSFIN,OUT,snapshot_diff
2018-02-05,STAR,OUT,nse_inclexcl
2018-09-28,STAR,IN,nse_inclexcl
2022-10-09,STAR,OUT,snapshot_diff
2017-11-20,STARCEMENT,IN,nse_inclexcl
2022-05-04,STARCEMENT,OUT,snapshot_diff
2022-05-04,STARHEALTH,IN,snapshot_diff
2003-12-05,STCINDIA,IN,nse_inclexcl
2012-04-27,STCINDIA,OUT,nse_inclexcl
2016-04-01,STCINDIA,IN,nse_inclexcl
2017-09-29,STCINDIA,OUT,nse_inclexcl
2001-12-07,STERLINBIO,IN,nse_inclexcl
2013-04-01,STERLINBIO,OUT,nse_inclexcl
2001-12-07,STLTECH,IN,nse_inclexcl
2016-01-18,STLTECH,OUT,nse_inclexcl
2017-03-31,STLTECH,IN,nse_inclexcl
2022-05-04,STLTECH,IN,snapshot_diff
2026-05-30,STLTECH,OUT,snapshot_diff
2022-05-04,STRTECH,OUT,snapshot_diff
1998-08-01,STYRENIX,IN,nse_inclexcl
2009-03-27,STYRENIX,OUT,nse_inclexcl
2016-04-01,STYRENIX,IN,nse_inclexcl
2016-09-30,STYRENIX,OUT,nse_inclexcl
1999-05-26,SUBROS,IN,nse_inclexcl
2002-04-23,SUBROS,OUT,nse_inclexcl
1998-08-01,SUDARSCHEM,IN,nse_inclexcl
2001-04-25,SUDARSCHEM,OUT,nse_inclexcl
2017-03-31,SUDARSCHEM,IN,nse_inclexcl
2023-04-04,SUDARSCHEM,OUT,snapshot_diff
2020-06-26,SUMICHEM,IN,nse_inclexcl
1998-08-01,SUMMITSEC,IN,nse_inclexcl
2009-03-27,SUMMITSEC,OUT,nse_inclexcl
1998-08-01,SUNCLAY,IN,nse_inclexcl
2008-04-24,SUNCLAY,OUT,nse_inclexcl
2019-04-15,SUNCLAY,IN,nse_inclexcl
2020-06-26,SUNCLAY,OUT,nse_inclexcl
1999-02-03,SUNDARMFIN,IN,nse_inclexcl
2017-11-13,SUNDARMFIN,OUT,nse_inclexcl
2018-09-28,SUNDARMFIN,IN,nse_inclexcl
2002-09-19,SUNDRMBRAK,IN,nse_inclexcl
2008-09-10,SUNDRMBRAK,OUT,nse_inclexcl
1998-08-01,SUNDRMFAST,IN,nse_inclexcl
2026-05-30,SUNDRMFAST,OUT,snapshot_diff
1998-08-01,SUNDROP,IN,nse_inclexcl
2016-04-01,SUNDROP,OUT,nse_inclexcl
1998-08-01,SUNPHARMA,IN,nse_inclexcl
2010-11-25,SUNTECK,IN,nse_inclexcl
2026-05-30,SUNTECK,OUT,snapshot_diff
2006-09-22,SUNTV,IN,nse_inclexcl
2016-09-30,SUPRAJIT,IN,nse_inclexcl
2017-03-31,SUPRAJIT,OUT,nse_inclexcl
2017-09-29,SUPRAJIT,IN,nse_inclexcl
2018-04-02,SUPRAJIT,OUT,nse_inclexcl
2019-03-29,SUPRAJIT,IN,nse_inclexcl
2026-05-30,SUPRAJIT,OUT,snapshot_diff
1998-08-01,SUPREMEIND,IN,nse_inclexcl
2012-09-28,SUPREMEINF,IN,nse_inclexcl
2016-04-01,SUPREMEINF,OUT,nse_inclexcl
2004-12-10,SURYALAXMI,IN,nse_inclexcl
2005-04-06,SURYALAXMI,OUT,nse_inclexcl
2002-09-19,SURYAROSNI,IN,nse_inclexcl
2012-04-27,SURYAROSNI,OUT,nse_inclexcl
2015-03-27,SUVEN,IN,nse_inclexcl
2020-01-16,SUVEN,OUT,nse_inclexcl
2022-05-04,SUVENPHAR,IN,snapshot_diff
2026-05-30,SUVENPHAR,OUT,snapshot_diff
2006-03-23,SUZLON,IN,nse_inclexcl
2013-04-01,SWANCORP,IN,nse_inclexcl
2026-05-30,SWANCORP,IN,snapshot_diff
2022-05-04,SWANENERGY,OUT,snapshot_diff
2022-10-09,SWANENERGY,IN,snapshot_diff
2026-05-30,SWANENERGY,OUT,snapshot_diff
1998-08-01,SWARAJENG,IN,nse_inclexcl
2016-04-01,SWARAJENG,OUT,nse_inclexcl
2026-05-30,SWIGGY,IN,snapshot_diff
2020-03-19,SWSOLAR,IN,nse_inclexcl
2026-05-30,SWSOLAR,OUT,snapshot_diff
2015-09-28,SYMPHONY,IN,nse_inclexcl
2023-04-04,SYMPHONY,OUT,snapshot_diff
2024-02-26,SYMPHONY,IN,snapshot_diff
2026-05-30,SYMPHONY,OUT,snapshot_diff
2016-04-01,SYNGENE,IN,nse_inclexcl
2024-02-26,SYRMA,IN,snapshot_diff
2002-04-23,TAJGVK,IN,nse_inclexcl
2012-09-28,TAJGVK,OUT,nse_inclexcl
2016-04-01,TAKE,IN,nse_inclexcl
2022-05-04,TAKE,OUT,snapshot_diff
2022-05-04,TANLA,IN,snapshot_diff
2026-05-30,TANLA,OUT,snapshot_diff
2026-05-30,TARIL,IN,snapshot_diff
2019-12-27,TASTYBITE,IN,nse_inclexcl
2022-05-04,TASTYBITE,OUT,snapshot_diff
2026-05-30,TATACAP,IN,snapshot_diff
1998-08-01,TATACHEM,IN,nse_inclexcl
2019-12-27,TATACHEM,OUT,nse_inclexcl
2022-05-04,TATACHEM,IN,snapshot_diff
2002-07-18,TATACOFFEE,IN,nse_inclexcl
2019-09-27,TATACOFFEE,OUT,nse_inclexcl
2022-05-04,TATACOFFEE,IN,snapshot_diff
2023-04-04,TATACOFFEE,OUT,snapshot_diff
1998-08-01,TATACOMM,IN,nse_inclexcl
2018-06-29,TATACOMM,OUT,nse_inclexcl
2020-06-26,TATACOMM,IN,nse_inclexcl
1998-08-01,TATACONSUM,IN,nse_inclexcl
1998-08-01,TATAELXSI,IN,nse_inclexcl
1998-08-01,TATAINVEST,IN,nse_inclexcl
2016-04-01,TATAINVEST,OUT,nse_inclexcl
2017-03-31,TATAINVEST,IN,nse_inclexcl
2026-05-30,TATAMOTORS,OUT,snapshot_diff
2026-05-30,TATAMTRDVR,OUT,snapshot_diff
1998-08-01,TATASTEEL,IN,nse_inclexcl
2002-07-09,TATASTLBSL,IN,nse_inclexcl
2002-09-19,TATASTLBSL,OUT,nse_inclexcl
2004-07-09,TATASTLBSL,IN,nse_inclexcl
2018-09-28,TATASTLBSL,OUT,nse_inclexcl
2020-01-16,TATASTLBSL,IN,nse_inclexcl
2022-05-04,TATASTLBSL,OUT,snapshot_diff
1998-08-01,TATASTLLP,IN,nse_inclexcl
2002-09-19,TATASTLLP,OUT,nse_inclexcl
2003-04-07,TATASTLLP,IN,nse_inclexcl
2019-03-29,TATASTLLP,OUT,nse_inclexcl
2022-05-04,TATASTLLP,IN,snapshot_diff
2022-10-09,TATASTLLP,OUT,snapshot_diff
2026-05-30,TATATECH,IN,snapshot_diff
1999-05-26,TATAVASHIS,IN,nse_inclexcl
2006-03-23,TATAVASHIS,OUT,nse_inclexcl
2026-05-30,TBOTEK,IN,snapshot_diff
2013-04-01,TBZ,IN,nse_inclexcl
2016-09-30,TBZ,OUT,nse_inclexcl
2016-04-01,TCI,IN,nse_inclexcl
2016-04-29,TCI,OUT,nse_inclexcl
2022-10-09,TCI,IN,snapshot_diff
2024-02-26,TCI,OUT,snapshot_diff
2019-09-27,TCIEXP,IN,nse_inclexcl
2024-02-26,TCIEXP,OUT,snapshot_diff
2024-02-26,TCNSBRANDS,OUT,snapshot_diff
2004-12-22,TCS,IN,nse_inclexcl
2012-04-27,TDPOWERSYS,IN,nse_inclexcl
2016-04-01,TDPOWERSYS,OUT,nse_inclexcl
2018-09-28,TEAMLEASE,IN,nse_inclexcl
2026-05-30,TEAMLEASE,OUT,snapshot_diff
2007-01-24,TECHM,IN,nse_inclexcl
2019-09-27,TECHNOE,IN,nse_inclexcl
2020-06-26,TECHNOE,OUT,nse_inclexcl
2026-05-30,TECHNOE,IN,snapshot_diff
2026-05-30,TEGA,IN,snapshot_diff
2022-10-09,TEJASNET,IN,snapshot_diff
2026-05-30,TENNIND,IN,snapshot_diff
1999-02-03,TFCILTD,IN,nse_inclexcl
2011-10-10,TFCILTD,OUT,nse_inclexcl
2026-05-30,THELEELA,IN,snapshot_diff
1998-08-01,THERMAX,IN,nse_inclexcl
1998-08-01,THIRUSUGAR,IN,nse_inclexcl
2009-03-27,THIRUSUGAR,OUT,nse_inclexcl
1998-08-01,THOMASCOOK,IN,nse_inclexcl
2019-09-27,THOMASCOOK,OUT,nse_inclexcl
2017-03-31,THYROCARE,IN,nse_inclexcl
2023-04-04,THYROCARE,OUT,snapshot_diff
2014-11-28,TI,IN,nse_inclexcl
2015-03-27,TI,OUT,nse_inclexcl
1998-08-01,TIINDIA,IN,nse_inclexcl
2017-05-26,TIINDIA,OUT,nse_inclexcl
2018-06-29,TIINDIA,IN,nse_inclexcl
2017-09-29,TIMETECHNO,IN,nse_inclexcl
2022-05-04,TIMETECHNO,OUT,snapshot_diff
1998-08-01,TIMKEN,IN,nse_inclexcl
2002-09-19,TIMKEN,OUT,nse_inclexcl
2016-04-01,TIMKEN,IN,nse_inclexcl
2001-12-07,TIPSMUSIC,IN,nse_inclexcl
2007-04-04,TIPSMUSIC,OUT,nse_inclexcl
2002-09-19,TIRUMALCHM,IN,nse_inclexcl
2003-01-21,TIRUMALCHM,OUT,nse_inclexcl
2026-05-30,TITAGARH,IN,snapshot_diff
1998-08-01,TITAN,IN,nse_inclexcl
2023-04-04,TMB,IN,snapshot_diff
2024-02-26,TMB,OUT,snapshot_diff
1998-08-01,TMCV,IN,nse_inclexcl
2026-05-30,TMCV,IN,snapshot_diff
2026-05-30,TMPV,IN,snapshot_diff
1998-08-01,TNPETRO,IN,nse_inclexcl
2011-10-10,TNPETRO,OUT,nse_inclexcl
1998-08-01,TNPL,IN,nse_inclexcl
2019-09-27,TNPL,OUT,nse_inclexcl
2002-09-19,TNTELE,IN,nse_inclexcl
2005-09-26,TNTELE,OUT,nse_inclexcl
2003-05-02,TODAYS,IN,nse_inclexcl
2007-09-24,TODAYS,OUT,nse_inclexcl
1998-08-01,TORNTPHARM,IN,nse_inclexcl
2009-07-31,TORNTPOWER,IN,nse_inclexcl
1998-08-01,TORRENTAEC,IN,nse_inclexcl
2006-09-21,TORRENTAEC,OUT,nse_inclexcl
1998-08-01,TRANSPEK,IN,nse_inclexcl
2002-03-29,TRANSPEK,OUT,nse_inclexcl
2026-05-30,TRAVELFOOD,IN,snapshot_diff
2012-04-27,TREEHOUSE,IN,nse_inclexcl
2016-09-30,TREEHOUSE,OUT,nse_inclexcl
1998-08-01,TRENT,IN,nse_inclexcl
2003-04-01,TRIDENT,IN,nse_inclexcl
2011-10-10,TRIDENT,OUT,nse_inclexcl
2014-03-28,TRIDENT,IN,nse_inclexcl
1998-08-01,TRIGYN,IN,nse_inclexcl
2007-04-04,TRIGYN,OUT,nse_inclexcl
2016-04-01,TRITURBINE,IN,nse_inclexcl
2017-09-29,TRITURBINE,OUT,nse_inclexcl
2019-03-29,TRITURBINE,IN,nse_inclexcl
2019-09-27,TRITURBINE,OUT,nse_inclexcl
2019-12-27,TRITURBINE,IN,nse_inclexcl
2020-06-26,TRITURBINE,OUT,nse_inclexcl
2022-05-04,TRITURBINE,IN,snapshot_diff
1998-08-01,TRIVENI,IN,nse_inclexcl
1999-02-03,TRIVENI,OUT,nse_inclexcl
2006-04-10,TRIVENI,IN,nse_inclexcl
2011-05-03,TRIVENI,OUT,nse_inclexcl
2022-10-09,TRIVENI,IN,snapshot_diff
2026-05-30,TRIVENI,OUT,snapshot_diff
2012-09-28,TTKPRESTIG,IN,nse_inclexcl
2026-05-30,TTKPRESTIG,OUT,snapshot_diff
2002-01-17,TTML,IN,nse_inclexcl
2006-03-02,TTML,OUT,nse_inclexcl
2016-04-01,TTML,IN,nse_inclexcl
2016-09-30,TTML,OUT,nse_inclexcl
2022-05-04,TTML,IN,snapshot_diff
2009-06-19,TULIP,IN,nse_inclexcl
2014-03-28,TULIP,OUT,nse_inclexcl
2007-11-29,TV18BRDCST,IN,nse_inclexcl
2026-05-30,TV18BRDCST,OUT,snapshot_diff
2001-08-31,TVSMOTOR,IN,nse_inclexcl
2016-04-01,TVSSRICHAK,IN,nse_inclexcl
2019-03-29,TVSSRICHAK,OUT,nse_inclexcl
2004-12-10,TVTODAY,IN,nse_inclexcl
2012-09-28,TVTODAY,OUT,nse_inclexcl
2014-09-19,TVTODAY,IN,nse_inclexcl
2016-04-01,TVTODAY,OUT,nse_inclexcl
2016-04-29,TVTODAY,IN,nse_inclexcl
2022-05-04,TVTODAY,OUT,snapshot_diff
1998-08-01,UBL,IN,nse_inclexcl
2002-08-13,UBL,OUT,nse_inclexcl
2009-10-22,UBL,IN,nse_inclexcl
1998-08-01,UCAL,IN,nse_inclexcl
2009-10-22,UCAL,OUT,nse_inclexcl
2004-05-24,UCOBANK,IN,nse_inclexcl
2022-10-09,UCOBANK,OUT,snapshot_diff
2023-04-04,UCOBANK,IN,snapshot_diff
1998-08-01,UFLEX,IN,nse_inclexcl
2024-02-26,UFLEX,OUT,snapshot_diff
2022-05-04,UJJIVAN,OUT,snapshot_diff
2020-06-26,UJJIVANSFB,IN,nse_inclexcl
2022-05-04,UJJIVANSFB,OUT,snapshot_diff
2024-02-26,UJJIVANSFB,IN,snapshot_diff
2026-05-30,UJJIVANSFB,OUT,snapshot_diff
2005-01-05,ULTRACEMCO,IN,nse_inclexcl
2002-09-19,UMIYA-MRO,IN,nse_inclexcl
2009-10-22,UMIYA-MRO,OUT,nse_inclexcl
1999-12-08,UNICHEMLAB,IN,nse_inclexcl
2019-03-29,UNICHEMLAB,OUT,nse_inclexcl
2003-04-01,UNIONBANK,IN,nse_inclexcl
2002-09-19,UNITDSPR,IN,nse_inclexcl
2014-09-19,UNITDSPR,OUT,nse_inclexcl
2015-03-27,UNITDSPR,IN,nse_inclexcl
2026-05-30,UNITDSPR,IN,snapshot_diff
1998-08-01,UNITECH,IN,nse_inclexcl
2018-09-28,UNITECH,OUT,nse_inclexcl
1998-08-01,UNITEDCARB,IN,nse_inclexcl
2002-07-09,UNITEDCARB,OUT,nse_inclexcl
1998-08-01,UNITEDPHOS,IN,nse_inclexcl
2003-12-05,UNITEDPHOS,OUT,nse_inclexcl
2017-03-31,UNOMINDA,IN,nse_inclexcl
2022-10-09,UNOMINDA,IN,snapshot_diff
2004-08-30,UPL,IN,nse_inclexcl
2026-05-30,URBANCO,IN,snapshot_diff
1998-08-01,USHAMART,IN,nse_inclexcl
2016-04-01,USHAMART,OUT,nse_inclexcl
2024-02-26,USHAMART,IN,snapshot_diff
2022-05-04,UTIAMC,IN,snapshot_diff
1998-08-01,UTTAMSTL,IN,nse_inclexcl
2016-04-01,UTTAMSTL,OUT,nse_inclexcl
2007-04-04,UTTAMSUGAR,IN,nse_inclexcl
2009-10-22,UTTAMSUGAR,OUT,nse_inclexcl
1998-08-01,UTTAMVALUE,IN,nse_inclexcl
2002-03-29,UTTAMVALUE,OUT,nse_inclexcl
2009-03-27,V2RETAIL,IN,nse_inclexcl
2011-03-25,V2RETAIL,OUT,nse_inclexcl
2014-03-28,VAIBHAVGBL,IN,nse_inclexcl
2016-09-30,VAIBHAVGBL,OUT,nse_inclexcl
2019-09-24,VAIBHAVGBL,IN,nse_inclexcl
2026-05-30,VAIBHAVGBL,OUT,snapshot_diff
2012-09-28,VAKRANGEE,IN,nse_inclexcl
2022-10-09,VAKRANGEE,OUT,snapshot_diff
1998-08-01,VALUEIND,IN,nse_inclexcl
2009-10-22,VALUEIND,OUT,nse_inclexcl
1999-02-03,VARDMNPOLY,IN,nse_inclexcl
2002-09-19,VARDMNPOLY,OUT,nse_inclexcl
2003-05-23,VARDMNPOLY,IN,nse_inclexcl
2008-09-10,VARDMNPOLY,OUT,nse_inclexcl
2018-12-28,VARROC,IN,nse_inclexcl
2026-05-30,VARROC,OUT,snapshot_diff
2017-05-26,VBL,IN,nse_inclexcl
1998-08-01,VEDL,IN,nse_inclexcl
2020-07-31,VEDL,OUT,nse_inclexcl
2002-08-20,VENKEYS,IN,nse_inclexcl
2015-03-27,VENKEYS,OUT,nse_inclexcl
2018-09-28,VENKEYS,IN,nse_inclexcl
2022-10-09,VENKEYS,OUT,snapshot_diff
1998-08-01,VESUVIUS,IN,nse_inclexcl
2016-04-01,VESUVIUS,OUT,nse_inclexcl
2017-09-29,VESUVIUS,IN,nse_inclexcl
2018-04-02,VESUVIUS,OUT,nse_inclexcl
2020-06-26,VESUVIUS,IN,nse_inclexcl
2022-05-04,VESUVIUS,OUT,snapshot_diff
2016-04-01,VGUARD,IN,nse_inclexcl
2026-05-30,VGUARD,OUT,snapshot_diff
1998-08-01,VHL,IN,nse_inclexcl
2002-09-19,VHL,OUT,nse_inclexcl
2003-03-06,VHL,IN,nse_inclexcl
2005-04-13,VHL,OUT,nse_inclexcl
2006-07-14,VIDEOIND,IN,nse_inclexcl
2018-03-13,VIDEOIND,OUT,nse_inclexcl
2022-05-04,VIJAYA,IN,snapshot_diff
2015-03-27,VINATIORGA,IN,nse_inclexcl
2026-05-30,VINATIORGA,OUT,snapshot_diff
1998-08-01,VINDHYATEL,IN,nse_inclexcl
2009-03-27,VINDHYATEL,OUT,nse_inclexcl
1998-08-01,VINYLINDIA,IN,nse_inclexcl
2006-03-02,VINYLINDIA,OUT,nse_inclexcl
1998-08-01,VIPIND,IN,nse_inclexcl
2026-05-30,VIPIND,OUT,snapshot_diff
2003-10-01,VISAKAIND,IN,nse_inclexcl
2008-09-10,VISAKAIND,OUT,nse_inclexcl
2000-05-24,VISUALSOFT,IN,nse_inclexcl
2007-04-30,VISUALSOFT,OUT,nse_inclexcl
2015-05-29,VIVIDHA,IN,nse_inclexcl
2016-04-01,VIVIDHA,OUT,nse_inclexcl
2016-09-30,VIYASH,IN,nse_inclexcl
2017-03-31,VIYASH,OUT,nse_inclexcl
2020-06-26,VIYASH,IN,nse_inclexcl
1998-08-01,VLSFINANCE,IN,nse_inclexcl
2002-07-09,VLSFINANCE,OUT,nse_inclexcl
2018-09-28,VMART,IN,nse_inclexcl
2026-05-30,VMART,OUT,snapshot_diff
2026-05-30,VMM,IN,snapshot_diff
1998-08-01,VOLTAS,IN,nse_inclexcl
2015-09-28,VRLLOG,IN,nse_inclexcl
2022-05-04,VRLLOG,OUT,snapshot_diff
1998-08-01,VSTIND,IN,nse_inclexcl
2017-09-29,VSTIND,OUT,nse_inclexcl
2019-03-29,VSTIND,IN,nse_inclexcl
2022-05-04,VSTIND,OUT,snapshot_diff
1998-08-01,VTL,IN,nse_inclexcl
2002-09-19,VTL,OUT,nse_inclexcl
2003-01-21,VTL,IN,nse_inclexcl
2011-03-25,VTL,OUT,nse_inclexcl
2013-09-27,VTL,IN,nse_inclexcl
2026-05-30,WAAREEENER,IN,snapshot_diff
2014-09-19,WABAG,IN,nse_inclexcl
2020-06-26,WABAG,OUT,nse_inclexcl
2012-04-27,WABCOINDIA,IN,nse_inclexcl
2022-05-04,WABCOINDIA,OUT,snapshot_diff
1998-08-01,WARTSILA,IN,nse_inclexcl
2003-05-02,WARTSILA,OUT,nse_inclexcl
2004-06-14,WELCORP,IN,nse_inclexcl
2005-04-20,WELCORP,OUT,nse_inclexcl
2006-10-05,WELCORP,IN,nse_inclexcl
2013-11-18,WELCORP,OUT,nse_inclexcl
2014-09-19,WELCORP,IN,nse_inclexcl
2024-02-26,WELSPUNIND,OUT,snapshot_diff
2004-07-09,WELSPUNLIV,IN,nse_inclexcl
2009-06-19,WELSPUNLIV,OUT,nse_inclexcl
2013-04-01,WELSPUNLIV,IN,nse_inclexcl
2024-02-26,WELSPUNLIV,IN,snapshot_diff
2019-12-27,WESTLIFE,IN,nse_inclexcl
2026-05-30,WESTLIFE,OUT,snapshot_diff
2002-09-19,WHEELS,IN,nse_inclexcl
2009-03-27,WHEELS,OUT,nse_inclexcl
2014-09-19,WHEELS,IN,nse_inclexcl
2016-04-01,WHEELS,OUT,nse_inclexcl
1998-08-01,WHIRLPOOL,IN,nse_inclexcl
2003-08-11,WHIRLPOOL,OUT,nse_inclexcl
2011-03-25,WHIRLPOOL,IN,nse_inclexcl
1998-08-01,WINDMACHIN,IN,nse_inclexcl
2002-04-23,WINDMACHIN,OUT,nse_inclexcl
1998-08-01,WINSOMEDJ,IN,nse_inclexcl
2002-09-19,WINSOMEDJ,OUT,nse_inclexcl
1998-08-01,WIPRO,IN,nse_inclexcl
2013-04-01,WIPRO,OUT,nse_inclexcl
2013-08-07,WIPRO,IN,nse_inclexcl
2000-05-24,WOCKPHARMA,IN,nse_inclexcl
2012-04-27,WOCKPHARMA,OUT,nse_inclexcl
2013-04-01,WOCKPHARMA,IN,nse_inclexcl
2023-04-04,WOCKPHARMA,OUT,snapshot_diff
2026-05-30,WOCKPHARMA,IN,snapshot_diff
2016-04-01,WONDERLA,IN,nse_inclexcl
2017-09-29,WONDERLA,OUT,nse_inclexcl
1998-08-01,WOOLWORTH,IN,nse_inclexcl
2000-12-13,WOOLWORTH,OUT,nse_inclexcl
2002-07-09,WSTCSTPAPR,IN,nse_inclexcl
2014-09-19,WSTCSTPAPR,OUT,nse_inclexcl
1998-08-01,WYETH,IN,nse_inclexcl
2014-05-12,WYETH,OUT,nse_inclexcl
2009-10-22,YESBANK,IN,nse_inclexcl
2020-03-19,YESBANK,OUT,nse_inclexcl
2022-05-04,YESBANK,IN,snapshot_diff
1998-08-01,ZANDUREALT,IN,nse_inclexcl
2009-12-22,ZANDUREALT,OUT,nse_inclexcl
1998-08-01,ZEEL,IN,nse_inclexcl
2010-10-07,ZEEL,OUT,nse_inclexcl
2011-03-25,ZEEL,IN,nse_inclexcl
2016-04-01,ZEELEARN,IN,nse_inclexcl
2018-09-28,ZEELEARN,OUT,nse_inclexcl
2008-02-29,ZEEMEDIA,IN,nse_inclexcl
2010-04-15,ZEEMEDIA,OUT,nse_inclexcl
1998-08-01,ZENSARTECH,IN,nse_inclexcl
2018-04-02,ZENSARTECH,OUT,nse_inclexcl
2018-09-28,ZENSARTECH,IN,nse_inclexcl
2026-05-30,ZENTEC,IN,snapshot_diff
2022-05-04,ZFCVINDIA,IN,snapshot_diff
2022-05-04,ZOMATO,IN,snapshot_diff
2026-05-30,ZOMATO,OUT,snapshot_diff
1998-08-01,ZUARIIND,IN,nse_inclexcl
2012-04-09,ZUARIIND,OUT,nse_inclexcl
2001-04-25,ZYDUSLIFE,IN,nse_inclexcl
2008-12-29,ZYDUSLIFE,OUT,nse_inclexcl
2009-04-21,ZYDUSLIFE,IN,nse_inclexcl
2022-05-04,ZYDUSLIFE,IN,snapshot_diff
2011-03-25,ZYDUSWELL,IN,nse_inclexcl
2017-09-29,ZYDUSWELL,OUT,nse_inclexcl
2018-09-28,ZYDUSWELL,IN,nse_inclexcl
