symbol,start,end
20MICRONS,2013-07-17,2013-09-27
360ONE,2020-06-26,
3IINFOLTD,2009-12-22,2012-09-28
3IINFOLTD,2013-06-21,2013-09-27
3MINDIA,1998-08-01,
63MOONS,2005-12-08,2016-09-30
AADHARHFC,2026-05-30,
AARTIDRUGS,2016-04-01,2016-09-30
AARTIDRUGS,2022-05-04,2026-05-30
AARTIIND,2005-04-20,2019-03-29
AARTIIND,2019-12-27,2022-10-09
AARTIIND,2023-04-04,
AAVAS,2019-03-29,
ABAN,1998-08-01,2018-09-28
ABB,1998-08-01,2019-09-27
ABB,2020-06-26,
ABBOTINDIA,1998-08-01,2003-04-01
ABBOTINDIA,2019-09-27,
ABCAPITAL,2018-04-02,
ABDL,2026-05-30,
ABFRL,2016-04-01,
ABIRLANUVO,1998-08-01,2015-10-19
ABIRLANUVO,2016-09-30,2017-05-26
ABLBL,2026-05-30,
ABREL,1998-08-01,2018-12-28
ABREL,2020-06-26,
ABSLAMC,2022-05-04,2023-04-04
ABSLAMC,2026-05-30,
ACC,1998-08-01,
ACCELYA,2001-04-25,2008-09-10
ACE,2026-05-30,
ACI,2023-04-04,2026-05-30
ACLGATI,2012-09-28,2018-09-28
ACMESOLAR,2026-05-30,
ACUTAAS,2026-05-30,
ADANIENSOL,2016-04-01,
ADANIENT,1998-08-01,2015-05-29
ADANIENT,2016-04-01,2018-04-02
ADANIENT,2022-05-04,
ADANIGREEN,2018-12-28,
ADANIPORTS,2008-04-24,
ADANIPOWER,2010-04-15,2014-09-19
ADANIPOWER,2015-09-28,2022-05-04
ADANIPOWER,2023-04-04,
ADOR,1998-08-01,2011-10-10
ADSL,2011-03-25,2012-04-27
ADVANTA,2009-03-27,2016-04-29
AEGISLOG,2016-04-01,
AEGISVOPAK,2026-05-30,
AETHER,2022-10-09,2026-05-30
AFCONS,2026-05-30,
AFFLE,2019-12-26,
AFTEK,2002-03-29,2011-10-10
AGI,2005-09-26,2018-12-28
AGRODUTCH,2002-09-19,2009-10-22
AHLUCONT,2016-04-01,2018-04-02
AIAENG,2011-10-10,
AIIL,2026-05-30,
AJMERA,2007-01-24,2009-05-11
AJRINFRA,2010-04-08,2016-04-01
AKSHOPTFBR,2001-08-31,2011-10-10
AKZOINDIA,1998-08-01,
ALEMBICLTD,1998-08-01,2011-04-11
ALIVUS,2022-05-04,2022-10-09
ALIVUS,2024-02-26,2026-05-30
ALKEM,2016-09-30,
ALKYLAMINE,2020-06-26,2026-05-30
ALLCARGO,2007-04-04,2023-04-04
ALLCARGO,2024-02-26,2026-05-30
ALOKINDS,2002-07-09,2017-03-31
ALOKINDS,2022-05-04,2023-04-04
ALOKINDS,2024-02-26,2026-05-30
AMBALALSA,1998-08-01,2002-03-29
AMBER,2019-09-27,
AMBUJACEM,1998-08-01,
AMJLAND,1998-08-01,2007-09-24
ANANDRATHI,2026-05-30,
ANANTRAJ,2008-02-15,2017-09-29
ANANTRAJ,2026-05-30,
ANDHRAPAP,2016-04-01,2017-03-31
ANGELONE,2022-05-04,
ANSALAPI,2006-09-13,2015-09-28
ANSALHSG,1998-08-01,1999-02-03
ANTHEM,2026-05-30,
ANURAS,2022-05-04,
APARINDS,2014-09-19,2018-04-02
APARINDS,2023-04-04,
APLAPOLLO,2016-09-30,
APLLTD,2014-09-19,2026-05-30
APOLLOHOSP,1998-08-01,
APOLLOTYRE,1998-08-01,
APPLEIND,1998-08-01,2001-12-07
APTECHT,2003-05-02,2014-09-19
APTUS,2022-05-04,
AQYLON,2000-05-24,2007-10-25
ARCHIES,1999-09-08,2008-09-10
ARE&M,1999-05-26,
ARSHIYA,2012-04-27,2013-09-27
ARVIND,1998-08-01,2015-02-02
ARVIND,2015-12-14,2018-06-29
ARVINDFASN,2019-09-27,2022-05-04
ASAHIINDIA,2002-09-19,2016-04-01
ASAHIINDIA,2017-01-23,2017-09-29
ASAHIINDIA,2018-04-02,2018-09-28
ASAHIINDIA,2019-12-27,2020-09-14
ASHIANA,2016-04-01,2016-09-30
ASHIMASYN,1999-05-26,2005-09-26
ASHOKA,2014-09-19,2022-05-04
ASHOKLEY,1998-08-01,
ASIANHOTNR,1998-08-01,2010-02-24
ASIANPAINT,1998-08-01,
ASSAMCO,1998-08-01,2002-07-09
ASTERDM,2018-06-29,
ASTRAL,2014-09-19,
ASTRAZEN,1998-08-01,2018-04-02
ASTRAZEN,2019-03-29,2023-04-04
ATCOM,1998-08-01,2004-12-10
ATGL,2019-09-27,
ATHERENERG,2026-05-30,
ATLASCYCLE,1998-08-01,2007-04-04
ATUL,1998-08-01,
AUBANK,2017-11-13,
AUROPHARMA,1999-03-17,
AUTOAXLES,1998-08-01,2002-09-19
AUTOAXLES,2004-03-15,2016-04-01
AUTOIND,1998-08-01,1999-05-26
AUTOIND,2012-09-28,2013-09-27
AVANTIFEED,2016-04-01,2026-05-30
AWL,2022-10-09,
AXISBANK,2000-09-03,
AXISCADES,2002-09-19,2004-12-10
AZTECSOFT,2001-12-07,2009-06-23
BAFNAPH,2002-04-23,2011-03-25
BAFNAPH,2014-09-19,2020-07-24
BAJAJ-AUTO,1998-08-01,2008-03-14
BAJAJ-AUTO,2008-09-10,
BAJAJCON,2014-03-28,2022-05-04
BAJAJELEC,2011-03-25,2024-02-26
BAJAJFINSV,2008-10-31,
BAJAJHFL,2026-05-30,
BAJAJHIND,1998-08-01,2002-04-23
BAJAJHIND,2003-09-29,2018-09-28
BAJAJHLDNG,2008-09-10,
BAJFINANCE,1998-08-01,
BALAJITELE,2001-12-07,2012-04-27
BALAMINES,2022-05-04,2026-05-30
BALKRISIND,2012-09-28,2015-03-24
BALKRISIND,2015-09-28,
BALMLAWRIE,2002-07-09,2022-05-04
BALRAMCHIN,1998-08-01,
BANARISUG,1998-08-01,2002-09-19
BANARISUG,2003-04-01,2013-09-27
BANCOINDIA,2010-04-08,2013-04-01
BANDHANBNK,2018-09-28,
BANKBARODA,1998-08-01,
BANKINDIA,1998-08-01,
BASF,1998-08-01,2024-02-26
BATAINDIA,1998-08-01,
BAYERCROP,1998-08-01,2003-04-07
BAYERCROP,2019-09-27,
BBL,1998-08-01,2000-09-03
BBOX,1998-08-01,2011-03-25
BBTC,1998-08-01,2000-09-03
BBTC,2012-09-28,
BCG,2022-05-04,2026-05-30
BDL,2018-08-08,
BEL,1998-08-01,
BELRISE,2026-05-30,
BEML,1998-08-01,2022-05-04
BEML,2023-04-04,
BEPL,2005-09-26,2013-04-01
BERGEPAINT,1998-08-01,
BFUTILITIE,2011-10-10,2018-09-28
BGRENERGY,2011-03-25,2015-09-28
BGRENERGY,2016-04-01,2018-09-28
BHARATFIN,2011-10-10,2018-12-28
BHARATFORG,1998-08-01,
BHARATRAS,2020-06-26,2022-05-04
BHARATRAS,2022-10-09,2023-04-04
BHARTIARTL,2003-03-17,
BHARTIHEXA,2026-05-30,
BHEL,1998-08-01,
BHUPENIND,1998-08-01,1999-05-26
BIKAJI,2023-04-04,
BILVYAPAR,1998-08-01,2002-09-19
BIOCON,2004-12-10,
BIRLACABLE,1999-09-08,2007-09-24
BIRLACORPN,1998-08-01,2026-05-30
BIRLANU,1998-08-01,2002-04-23
BIRLAPOWER,1998-08-01,2002-03-29
BLISSGVS,2016-04-01,2022-05-04
BLKASHYAP,2006-08-02,2011-10-10
BLS,2023-04-04,
BLUEDART,1999-09-08,
BLUEJET,2026-05-30,
BLUESTARCO,1998-08-01,
BOOTSPHARM,1998-08-01,1999-12-08
BORORENEW,2022-05-04,2026-05-30
BOSCH-HCIL,2016-04-01,2019-03-29
BOSCH-HCIL,2019-09-27,2022-05-04
BOSCHCHASY,2005-03-04,2008-10-31
BOSCHLTD,1998-08-01,
BPCL,1998-08-01,
BPL,1998-08-01,2011-03-25
BRABOURNE,1998-08-01,2008-02-15
BRIGADE,2010-03-09,2017-03-31
BRIGADE,2017-09-29,
BRITANNIA,1998-08-01,
BSE,2017-09-29,
BSL,2002-09-19,2006-03-02
BSOFT,2019-09-27,
CAMLINFINE,2015-09-28,2016-04-01
CAMPUS,2022-10-09,2026-05-30
CAMS,2022-05-04,
CANBK,2003-06-17,
CANFINHOME,2002-04-23,
CANHLIFE,2026-05-30,
CAPF,2009-03-27,2018-12-28
CAPLIPOINT,2016-04-01,2023-04-04
CAPLIPOINT,2026-05-30,
CARBORUNIV,1998-08-01,2016-04-01
CARBORUNIV,2016-09-30,
CAROLINFO,2001-04-25,2012-03-09
CARTRADE,2026-05-30,
CASTEXTECH,2007-04-04,2016-09-30
CASTROLIND,1998-08-01,2003-05-02
CASTROLIND,2008-09-10,2014-02-28
CASTROLIND,2014-07-28,
CCAVENUE,2016-09-30,2026-05-30
CDSL,2018-04-02,
CEATFIN,1998-08-01,2002-11-11
CEATLTD,1998-08-01,2007-12-26
CEATLTD,2015-06-15,
CEMPRO,1998-08-01,2004-12-10
CEMPRO,2015-03-24,2016-04-01
CEMPRO,2016-09-30,2020-06-26
CEMPRO,2026-05-30,
CENTBOP,2001-08-31,2004-01-28
CENTENKA,1998-08-01,2016-04-01
CENTRALBK,2011-10-10,
CENTURYPLY,2009-06-23,2013-07-17
CENTURYPLY,2014-09-19,2026-05-30
CERA,2016-04-01,2026-05-30
CESC,1998-08-01,2018-02-05
CESC,2019-03-29,
CGCL,2019-09-27,
CGPOWER,1998-08-01,2015-09-28
CGPOWER,2016-09-30,2019-12-26
CGPOWER,2022-05-04,
CHALET,2019-06-28,2020-06-26
CHALET,2022-05-04,
CHAMBLFERT,1998-08-01,
CHEMPLASTS,1998-08-01,2012-06-18
CHEMPLASTS,2022-05-04,2026-05-30
CHENNPETRO,1998-08-01,2022-05-04
CHENNPETRO,2026-05-30,
CHETNADCEM,1999-02-03,2002-09-19
CHETNADCEM,2009-03-27,2009-10-22
CHOICEIN,2026-05-30,
CHOLAFIN,1999-02-03,
CHOLAHLDNG,2018-02-05,
CIEINDIA,2016-04-01,
CINEVISTA,2001-08-31,2007-04-04
CIPLA,1998-08-01,
CLCIND,2002-09-19,2017-03-31
CLEAN,2022-05-04,
CLNINDIA,1998-08-01,2016-09-30
COALINDIA,2011-04-11,
COCHINREFN,1998-08-01,2006-09-22
COCHINSHIP,2018-02-05,
COFFEEDAY,2016-09-30,2019-12-26
COFORGE,2013-04-01,
COHANCE,2022-05-04,
COLPAL,1998-08-01,2007-11-29
COLPAL,2008-12-29,
CONCOR,2000-01-12,
CONCORDBIO,2024-02-26,
CONSCOFFEE,2022-05-04,2023-04-04
CONSOFINVT,2005-09-26,2010-04-08
COREEDUTEC,2011-03-25,2014-09-19
COROMANDEL,2002-09-19,
COSMOFIRST,1998-08-01,2011-10-10
COX&KINGS,2011-03-25,2018-06-29
COX&KINGS,2019-03-29,2019-12-26
CPPLUS,2026-05-30,
CRAFTSMAN,2023-04-04,
CREATIVEYE,2002-03-29,2005-09-26
CREDITACC,2019-01-28,
CRESTANI,2000-05-24,2009-10-22
CRISIL,1998-08-01,
CROMPTON,2016-11-15,
CSBBANK,2020-06-26,2026-05-30
CUB,2002-04-23,
CUMMINSIND,1998-08-01,
CYBERTECH,2000-09-03,2005-09-26
CYIENT,2002-01-29,
DABUR,1998-08-01,
DALBHARAT,2016-04-01,2018-04-02
DALBHARAT,2019-06-28,
DALMIASUG,1998-08-01,2010-09-24
DATAPATTNS,2023-04-04,
DBCORP,2013-06-11,2022-05-04
DBL,2017-03-31,2023-04-04
DBREALTY,2010-09-24,2018-09-28
DCAL,2018-04-02,2022-05-04
DCBBANK,2011-10-10,2022-05-04
DCHL,2006-05-17,2013-01-23
DCMDAEWOO,1998-08-01,2002-09-19
DCMSHRIRAM,2002-01-17,
DCW,1998-08-01,2015-03-27
DEEPAKFERT,1998-08-01,2002-09-19
DEEPAKFERT,2003-04-01,2019-09-27
DEEPAKFERT,2022-10-09,
DEEPAKNTR,2019-03-29,
DELHIVERY,2022-10-09,
DELTACORP,2011-03-25,2026-05-30
DEN,2013-04-01,2019-03-29
DEN,2019-09-27,2019-12-27
DEVYANI,2022-05-04,
DEWANHOUS,2011-10-10,2020-06-26
DHAMPURSUG,1998-08-01,2012-04-27
DHANBANK,2011-10-10,2016-04-01
DHANI,2017-09-29,2023-04-04
DHANUKA,2016-04-01,2018-04-02
DHANUKA,2020-06-26,2022-05-04
DICIND,1998-08-01,2009-03-27
DIGITALEQP,1998-08-01,2004-04-12
DIGJAMLMTD,1998-08-01,2005-09-26
DISAQ,2012-04-27,2012-09-28
DISHTV,2011-08-29,2013-09-27
DISHTV,2016-04-01,2022-05-04
DIVISLAB,2003-11-21,
DIXON,2018-04-02,
DLF,2007-12-07,
DMART,2017-09-29,
DOMS,2026-05-30,
DONEAR,2007-09-24,2010-04-08
DRBECK,1998-08-01,2002-04-23
DRDATSONS,2013-04-01,2014-03-28
DREDGECORP,2004-08-27,2019-03-29
DRREDDY,1998-08-01,
DUMMYVEDL1,2026-05-30,2026-08-05
DUMMYVEDL2,2026-05-30,2026-08-05
DUMMYVEDL3,2026-05-30,2026-08-05
DUMMYVEDL4,2026-05-30,2026-08-05
DWARKESH,2005-09-26,2011-03-25
DYNAMATECH,2009-03-27,2014-03-28
DYNAMATECH,2015-02-02,2017-03-31
E-SERVEINT,1999-05-26,2004-12-10
EASEMYTRIP,2022-05-04,2026-05-30
ECLERX,2011-10-10,
EDELWEISS,2008-05-21,2024-02-26
EICHERMOT,2002-04-23,
EIDPARRY,1998-08-01,
EIHOTEL,1998-08-01,
EKC,2009-10-22,2012-09-28
ELECON,1998-08-01,2002-03-29
ELECON,2026-05-30,
ELECTCAST,1998-08-01,2016-09-30
ELGIEQUIP,1998-08-01,2016-09-30
ELGIEQUIP,2018-09-28,
ELGIRUBCO,1999-09-08,2008-04-23
EMAMILTD,2011-03-25,
EMBDL,2007-09-10,2011-04-21
EMBDL,2011-06-21,2011-12-07
EMBDL,2012-03-09,2024-02-26
EMCURE,2026-05-30,
EMMVEE,2026-05-30,
ENDURANCE,2017-03-31,
ENGINERSIN,2000-12-13,
ENIL,2007-04-04,2016-04-01
ENRIN,2026-05-30,
EPIGRAL,2023-04-04,2026-05-30
EPL,1998-08-01,2018-04-02
EPL,2019-03-29,2026-05-30
EQUITASBNK,2022-05-04,2026-05-30
ERAINFRA,2006-11-08,2014-09-19
ERIS,2018-03-13,2022-10-09
ERIS,2024-02-26,
ESABINDIA,1998-08-01,2016-04-01
ESABINDIA,2020-06-26,2022-05-04
ESCORTS,1998-08-01,
ESSARPORTS,1998-08-01,2001-12-07
ESSARPORTS,2008-09-10,2011-05-18
ETERNAL,2022-05-04,
EVEREADY,1999-02-03,2005-03-15
EVEREADY,2015-09-28,2019-03-29
EVERESTIND,1998-08-01,2011-10-10
EXIDEIND,1998-08-01,
FACT,2003-04-01,2006-03-02
FACT,2022-05-04,
FCONSUMER,2011-11-22,2013-06-11
FCONSUMER,2015-03-27,
FDC,1998-08-01,2017-09-29
FDC,2018-09-28,2026-05-30
FEL,2003-04-01,2010-09-17
FEL,2011-03-25,2013-04-17
FEL,2013-11-18,2015-12-14
FEL,2017-03-16,2017-10-30
FEL,2018-06-29,2020-07-24
FGPIND,1998-08-01,1999-12-08
FINCABLES,1998-08-01,
FINEORG,2019-03-29,2026-05-30
FINPIPE,1998-08-01,2026-05-30
FIRSTCRY,2026-05-30,
FIVESTAR,2023-04-04,
FKONCO,2005-04-13,2013-11-18
FLEXCHEM,2001-08-31,2006-12-15
FLEXITUFF,2012-09-28,2016-04-01
FLFL,2015-09-28,2017-03-31
FLFL,2017-09-29,2020-06-26
FLUOROCHEM,1998-08-01,2019-06-28
FLUOROCHEM,2020-06-26,
FMGOETZE,1998-08-01,2016-04-01
FMGOETZE,2017-03-31,2017-09-29
FMGOETZE,2019-09-27,2020-06-26
FORCEMOT,1998-08-01,2001-04-25
FORCEMOT,2026-05-30,
FORTIS,2008-09-10,2018-02-05
FORTIS,2018-12-28,
FOSECOIND,1998-08-01,2009-03-27
FSL,2007-12-26,
FSS,2000-05-24,2006-02-03
GABRIEL,2013-04-01,2016-04-01
GABRIEL,2026-05-30,
GAEL,2003-05-02,2012-09-28
GAEL,2022-05-04,2026-05-30
GAIL,1998-08-01,
GALAXYSURF,2018-09-28,2026-05-30
GALLANTT,2026-05-30,
GANESHBE,1998-08-01,2002-04-23
GARFIBRES,1998-08-01,2002-09-19
GARFIBRES,2019-09-27,2024-02-26
GATEWAY,2005-09-26,2019-09-27
GAYAPROJ,2015-12-14,2017-11-20
GAYAPROJ,2018-09-28,2020-06-26
GBGLOBAL,2012-09-28,2015-12-14
GEODESIC,2013-04-17,2013-09-27
GEOJITFSL,2007-04-04,2016-04-01
GEOMETRIC,2002-03-29,2016-04-01
GEORGWILIM,2002-03-29,2006-07-14
GHCL,1998-08-01,2016-04-01
GHCL,2017-03-31,2022-05-04
GICRE,2018-04-02,
GILLETTE,1998-08-01,2022-05-04
GILLETTE,2024-02-26,
GIPCL,1998-08-01,2016-04-01
GLAND,2022-05-04,
GLAXO,1998-08-01,
GLENMARK,2001-04-25,
GLFL,1998-08-01,2001-04-25
GLOBOFFS,2016-04-01,2016-09-30
GMDCLTD,1999-05-26,2022-05-04
GMDCLTD,2026-05-30,
GMMPFAUDLR,2020-06-26,2026-05-30
GMRAIRPORT,2006-12-15,2022-05-04
GMRAIRPORT,2022-10-09,
GNFC,1998-08-01,2016-04-01
GNFC,2017-03-31,2026-05-30
GOCOLORS,2022-05-04,2026-05-30
GODAVRFERT,1998-08-01,2002-09-19
GODAVRFERT,2003-04-01,2008-02-15
GODFRYPHLP,1998-08-01,
GODIGIT,2026-05-30,
GODREJAGRO,2018-04-02,2024-02-26
GODREJCP,2002-11-11,
GODREJIND,1998-08-01,2002-07-18
GODREJIND,2004-03-15,
GODREJPROP,2011-03-25,
GOKEX,2006-03-02,2011-03-25
GOLDENTOBC,1998-08-01,1999-05-26
GOODYEAR,1998-08-01,2002-09-19
GPIL,2024-02-26,
GPPL,2011-10-10,2026-05-30
GRANULES,2016-04-01,
GRAPHITE,2002-09-19,2016-04-01
GRAPHITE,2018-04-02,
GRASIM,1998-08-01,2010-05-26
GRASIM,2010-08-31,2017-05-26
GRASIM,2018-04-02,
GRAVITA,2026-05-30,
GREAVESCOT,1998-08-01,2002-09-19
GREAVESCOT,2006-03-02,2022-05-04
GREENPANEL,2022-10-09,2024-02-26
GREENPLY,2016-04-01,2019-03-29
GRINDWELL,1998-08-01,2002-04-23
GRINDWELL,2016-04-01,2017-09-29
GRINDWELL,2018-09-28,2026-05-30
GRINFRA,2022-05-04,2026-05-30
GROWW,2026-05-30,
GRSE,2020-06-26,2022-05-04
GRSE,2026-05-30,
GSFC,1998-08-01,2026-05-30
GSKCONS,1998-08-01,2019-09-27
GSLNOVA,2002-04-23,2007-09-24
GTL,1998-08-01,2013-04-01
GTLINFRA,2007-09-24,2012-09-28
GTLINFRA,2013-04-01,2016-04-01
GTNIND,1998-08-01,2007-04-04
GTOFFSHORE,2009-10-22,2014-09-19
GUJALKALI,1998-08-01,2000-09-03
GUJALKALI,2017-03-31,2026-05-30
GUJENERGY,1998-08-01,2015-02-02
GUJENERGY,2016-04-01,2026-05-30
GULFOILLUB,2015-03-27,2016-04-01
GULFOILLUB,2016-04-29,2022-05-04
GVKPIL,2009-02-25,2019-03-29
GVPIL,2002-03-29,2022-05-04
GVT&D,1999-02-03,2002-09-19
GVT&D,2009-03-27,2011-12-14
GVT&D,2012-04-27,2022-05-04
GVT&D,2026-05-30,
HAL,2018-09-28,
HAPPSTMNDS,2022-05-04,2026-05-30
HARRMALAYA,1998-08-01,2010-08-31
HATHWAY,2011-01-20,2019-12-27
HATHWAY,2020-06-26,2022-10-09
HATSUN,2018-02-05,2023-04-04
HAVELLS,2002-04-23,
HBLENGINE,1998-08-01,2004-12-10
HBLENGINE,2026-05-30,
HCC,1998-08-01,2019-03-29
HCL-INSYS,1998-08-01,2019-03-29
HCLTECH,2001-04-25,
HDBFS,2026-05-30,
HDFCAMC,2019-03-29,
HDFCBANK,1998-08-01,
HDFCLIFE,2018-09-28,
HDIL,2008-04-23,2018-09-28
HEIDELBERG,1998-08-01,2004-12-10
HEIDELBERG,2016-04-01,2022-05-04
HEMIPROP,2022-05-04,2022-10-09
HERITGFOOD,2002-09-19,2011-10-10
HERITGFOOD,2013-04-01,2016-04-01
HERITGFOOD,2017-09-29,2022-05-04
HEROMOTOCO,1998-08-01,
HEXT,2003-04-01,2020-07-24
HEXT,2026-05-30,
HGS,2022-05-04,2024-02-26
HIKAL,2003-04-01,2011-10-10
HIKAL,2022-05-04,2024-02-26
HIMATSEIDE,1998-08-01,2022-05-04
HINDALCO,1998-08-01,
HINDCOPPER,2013-04-01,
HINDOILEXP,1998-08-01,2015-09-28
HINDPETRO,1998-08-01,
HINDUNILVR,1998-08-01,
HINDZINC,1998-08-01,2003-04-01
HINDZINC,2007-03-15,
HINVDIR,2006-03-02,2010-07-08
HLEGLAS,2022-05-04,2026-05-30
HLVLTD,1998-08-01,2015-09-28
HLVLTD,2016-04-01,2016-09-30
HMT,2002-10-11,2011-03-25
HMT,2016-04-01,2016-09-30
HMVL,2016-04-01,2017-09-29
HOMEFIRST,2022-05-04,
HONASA,2026-05-30,
HONAUT,1998-08-01,2017-09-29
HONAUT,2018-04-02,
HONDAPOWER,1998-08-01,2009-10-22
HSCL,2018-04-02,2022-05-04
HSCL,2026-05-30,
HTMEDIA,2006-03-02,2018-06-29
HUBTOWN,2008-01-01,2015-03-27
HUDCO,2017-10-30,
HYUNDAI,2026-05-30,
IBULLSLTD,2019-03-29,2020-06-26
ICICI,1998-08-01,2002-04-23
ICICIAMC,2026-05-30,
ICICIBANK,1999-02-03,
ICICIGI,2018-04-02,
ICICIPRULI,2017-03-31,
ICIL,2016-04-01,2019-03-29
ICIL,2022-05-04,2022-10-09
ICRA,2012-04-27,2018-04-02
ICRA,2019-03-29,2022-05-04
IDBI,1998-08-01,
IDEA,2007-09-24,
IDFC,2006-02-03,2015-05-29
IDFC,2016-04-01,2026-05-30
IDFCFIRSTB,2016-09-30,
IEX,2018-04-02,
IFBIND,1998-08-01,2000-09-03
IFBIND,2015-03-27,2015-09-28
IFBIND,2016-04-01,2016-09-30
IFBIND,2017-09-29,2024-02-26
IFCI,1998-08-01,2004-12-10
IFCI,2009-10-22,2022-05-04
IFCI,2026-05-30,
IGARASHI,2016-04-01,2018-04-02
IGIL,2026-05-30,
IGL,2004-12-10,
IGPL,1998-08-01,2002-03-29
IGS,2001-10-11,2008-01-28
IIFL,2018-04-02,2018-12-28
IIFL,2019-09-27,
IKS,2026-05-30,
IL&FSENGG,2011-05-18,2015-03-27
IL&FSENGG,2015-09-28,2016-04-01
IL&FSTRANS,2013-04-01,2019-03-29
IMAGICAA,2015-09-28,2016-04-01
IMFA,2013-04-01,2015-03-27
INDGN,2026-05-30,
INDIAGLYCO,1998-08-01,2002-09-19
INDIAGLYCO,2006-03-02,2014-09-19
INDIAMART,2019-12-27,
INDIANB,2011-10-10,
INDIANCARD,1998-08-01,2008-09-10
INDIGO,2016-09-30,
INDIGOPNTS,2022-05-04,2026-05-30
INDNIPPON,2002-09-19,2008-09-10
INDOCO,2016-04-01,2019-09-27
INDOCO,2020-06-26,2023-04-04
INDOGULF,1998-08-01,2003-03-05
INDORAMA,1998-08-01,2003-05-23
INDOSTAR,2019-03-29,2022-05-04
INDRAMEDCO,2002-04-23,2014-09-19
INDSWFTLAB,2005-04-25,2013-04-01
INDUSINDBK,1999-12-08,
INDUSTOWER,2013-06-11,
INDYESTUF,1998-08-01,2001-04-25
INFOMEDIA,1998-08-01,2006-08-10
INFY,1998-08-01,
INGERRAND,1998-08-01,2017-03-31
INGERRAND,2017-09-29,2018-04-02
INGERRAND,2020-06-26,2022-05-04
INGERRAND,2023-04-04,2026-05-30
INGVYSYABK,1999-02-03,2015-02-02
INOXWIND,2015-09-28,2019-09-27
INOXWIND,2026-05-30,
INTELLECT,2016-04-01,
IOB,2002-04-23,
IOC,2002-07-09,
IONEXCHANG,1998-08-01,2002-09-19
IPCALAB,1998-08-01,
IPITATASPO,2022-05-04,2022-10-09
IRB,2009-03-27,
IRCON,2019-03-29,2022-10-09
IRCON,2024-02-26,
IRCTC,2020-06-26,
IREDA,2026-05-30,
IRFC,2022-05-04,
ITCHOTELS,1998-08-01,2005-04-08
ITCHOTELS,2026-05-30,
ITDC,2017-09-29,2022-05-04
ITI,1998-08-01,2004-12-10
ITI,2017-09-29,
IVRCLINFRA,2002-09-19,2016-04-01
J&KBANK,2002-01-17,2022-05-04
J&KBANK,2026-05-30,
JAGRAN,2007-04-04,2022-05-04
JAGSNPHARM,2002-04-23,2007-09-24
JAIBALAJI,2011-12-07,2013-04-01
JAICORPLTD,2009-03-27,2022-05-04
JAINREC,2026-05-30,
JAMNAAUTO,2019-03-29,2026-05-30
JAYSREETEA,1998-08-01,2012-09-28
JBMA,2022-10-09,
JDORGO,1998-08-01,2000-09-03
JINDALPHOT,1998-08-01,2002-09-19
JINDALPHOT,2003-04-01,2004-12-22
JINDALPOLY,2003-08-04,2013-07-17
JINDALPOLY,2016-04-01,2018-09-28
JINDALSAW,1998-08-01,2011-11-22
JINDALSAW,2012-03-07,2016-04-29
JINDALSAW,2017-09-29,2022-05-04
JINDALSAW,2024-02-26,
JINDALSTEL,2001-04-25,
JINDWORLD,2023-04-04,2024-02-26
JIOFIN,2026-05-30,
JISLJALEQS,1998-08-01,2000-12-20
JISLJALEQS,2003-04-07,2020-06-26
JKCEMENT,2015-03-27,
JKIL,2012-04-12,2019-03-29
JKLAKSHMI,1998-08-01,2003-01-21
JKLAKSHMI,2013-09-27,2026-05-30
JKPAPER,2019-03-29,2026-05-30
JKTYRE,1998-08-01,2002-09-19
JKTYRE,2011-03-25,2022-05-04
JKTYRE,2026-05-30,
JMFINANCIL,2007-09-24,
JPPOWER,2010-10-07,2017-03-31
JPPOWER,2017-09-29,2019-03-29
JPPOWER,2026-05-30,
JSL,2005-02-21,2015-06-15
JSL,2017-09-29,
JSWCEMENT,2026-05-30,
JSWDULUX,2026-05-30,
JSWENERGY,2010-05-26,
JSWHL,2010-04-08,2017-03-31
JSWINFRA,2026-05-30,
JSWISPAT,1998-08-01,2005-12-08
JSWISPAT,2009-10-22,2013-06-11
JSWISPL,2004-12-10,2015-09-28
JSWSTEEL,2004-01-28,2005-02-21
JSWSTEEL,2005-10-06,
JTEKTINDIA,1998-08-01,2002-03-29
JTEKTINDIA,2004-12-10,2013-04-01
JTEKTINDIA,2014-03-28,2016-04-01
JTEKTINDIA,2020-09-14,
JUBLFOOD,2010-10-07,
JUBLINGREA,2022-05-04,
JUBLPHARMA,2002-04-23,2002-09-19
JUBLPHARMA,2003-09-09,2010-11-25
JUBLPHARMA,2011-10-10,
JUSTDIAL,2014-03-28,2026-05-30
JWL,2026-05-30,
JYOTHYLAB,2014-02-28,2026-05-30
JYOTICNC,2026-05-30,
JYOTISTRUC,1998-08-01,2016-04-01
KAJARIACER,1998-08-01,
KAKATCEM,2002-10-11,2007-09-24
KALYANKJIL,2022-05-04,
KANSAINER,1998-08-01,2026-05-30
KARURVYSYA,2001-08-31,
KAYNES,2024-02-26,
KCP,2002-11-11,2016-04-01
KEC,2009-10-22,
KEI,2019-03-29,
KENNAMET,1998-08-01,2002-09-19
KENNAMET,2019-12-27,2020-06-26
KENNAMET,2023-04-04,2024-02-26
KESORAMIND,1998-08-01,2015-09-28
KESORAMIND,2016-04-01,2018-09-28
KFINTECH,2023-04-04,
KGL,2010-04-08,2014-03-28
KIMS,2022-05-04,
KIOCL,2018-06-29,2019-09-27
KIRLOSBROS,2006-09-13,2010-03-09
KIRLOSENG,2016-04-01,2016-09-30
KIRLOSENG,2019-03-29,2020-06-26
KIRLOSENG,2026-05-30,
KIRLOSIND,1998-08-01,2010-04-15
KITEX,2014-09-19,2018-09-28
KKCL,2013-09-27,2016-04-01
KNRCON,2015-03-27,2016-04-01
KNRCON,2017-03-31,2017-09-29
KNRCON,2018-04-02,2026-05-30
KOHINOOR,1999-02-03,2011-03-25
KOLTEPATIL,2013-09-27,2022-05-04
KOPDRUGS,2002-09-19,2006-03-02
KOPRAN,1998-08-01,2008-09-10
KOTAKBANK,1998-08-01,
KOTHARIPRO,2002-03-29,2008-12-03
KPIL,2006-09-13,
KPITTECH,2002-09-19,2018-09-28
KPITTECH,2019-09-27,
KPRMILL,2015-03-27,
KRBL,2015-09-28,2026-05-30
KREBSBIO,2000-02-16,2002-07-09
KSB,1998-08-01,2016-04-01
KSB,2016-09-30,2017-03-31
KSB,2020-06-26,2022-05-04
KSB,2023-04-04,2026-05-30
KSCL,2013-09-27,2022-05-04
KSL,1998-08-01,2001-12-07
KWALITY,2012-04-27,2013-04-01
KWALITY,2016-04-01,2018-09-28
LALPATHLAB,2016-09-30,
LAOPALA,2015-02-02,2017-03-31
LAOPALA,2020-06-26,2022-05-04
LATENTVIEW,2022-05-04,
LAURUSLABS,2017-05-26,
LEMONTREE,2018-09-28,2022-05-04
LEMONTREE,2023-04-04,
LENSKART,2026-05-30,
LGBBROSLTD,2004-12-10,2008-05-21
LGBBROSLTD,2015-03-27,2016-04-01
LGEINDIA,2026-05-30,
LICHSGFIN,1998-08-01,
LICI,2022-10-09,
LINDEINDIA,1998-08-01,2016-04-01
LINDEINDIA,2016-09-30,2017-03-31
LINDEINDIA,2017-09-29,2018-04-02
LINDEINDIA,2018-09-28,
LLOYDSME,2026-05-30,
LMW,1998-08-01,2026-05-30
LODHA,2022-05-04,
LOVABLE,2012-04-27,2015-03-27
LT,1998-08-01,2004-05-24
LT,2004-11-18,
LTF,2012-03-09,
LTFOODS,2026-05-30,
LTM,2017-03-31,
LTTS,2017-03-31,
LUMAXIND,1998-08-01,2009-10-22
LUPIN,2002-09-19,
LUXIND,2018-09-28,2026-05-30
LXCHEM,2022-05-04,2026-05-30
M&M,1998-08-01,
M&MFIN,2006-10-05,
MADRASFERT,2002-09-19,2004-12-10
MADURACOAT,1998-08-01,2003-04-25
MAFATIND,1998-08-01,2000-12-13
MAHABANK,2019-03-29,
MAHLIFE,2001-12-07,2017-03-31
MAHLIFE,2022-10-09,2026-05-30
MAHLOG,2018-09-28,2024-02-26
MAHSCOOTER,1998-08-01,2009-03-27
MAHSCOOTER,2013-09-27,2016-04-01
MAHSCOOTER,2019-03-29,2022-05-04
MAHSEAMLES,1998-08-01,2016-04-01
MAHSEAMLES,2019-03-29,2022-05-04
MANALIPETC,2002-09-19,2006-09-28
MANAPPURAM,2016-04-01,
MANGLMCEM,1998-08-01,2001-10-11
MANINDS,2013-09-27,2014-07-28
MANINFRA,2012-06-18,2014-09-19
MANKIND,2024-02-26,
MANYAVAR,2022-10-09,2026-05-30
MAPMYINDIA,2022-05-04,
MARALOVER,1998-08-01,2007-09-24
MARICO,1998-08-01,2013-11-01
MARICO,2014-05-12,
MARKSANS,2015-03-27,2018-09-28
MARNITPOLY,1998-08-01,2002-04-23
MARUTI,2004-03-01,
MASFIN,2018-04-02,2022-05-04
MASTEK,1998-08-01,2015-03-27
MASTEK,2022-05-04,2026-05-30
MAXHEALTH,2022-05-04,
MAXIND,1998-08-01,2015-09-28
MAXIND,2017-03-16,2019-12-27
MAYURUNIQ,2015-03-27,2017-03-31
MAZDOCK,2022-05-04,
MBLINFRA,2015-02-02,2016-04-01
MCLEODRUSS,2007-04-04,2019-03-29
MCX,2019-09-27,
MEDANTA,2023-04-04,
MEDPLUS,2022-05-04,2026-05-30
MEESHO,2026-05-30,
MERCATOR,2006-03-02,2016-04-01
METALFORGE,1998-08-01,1999-09-08
METALFORGE,2015-09-28,2016-04-01
METROBRAND,2022-05-04,2026-05-30
METROPOLIS,2019-09-27,2026-05-30
MFSL,2016-09-30,2017-01-23
MFSL,2017-09-05,
MGL,2017-03-16,
MHRIL,2013-09-27,2026-05-30
MICRO,1998-08-01,2010-04-06
MIDHANI,2019-12-26,2022-05-04
MINDACORP,2016-04-01,2016-09-30
MINDACORP,2017-03-31,2022-05-04
MINDACORP,2024-02-26,
MINDTREE,2007-10-05,2022-10-09
MIRZAINT,1999-09-08,2011-03-25
MMTC,2013-09-27,
MODERNWOOL,1998-08-01,1999-02-03
MODILUFT,1998-08-01,1999-09-08
MODIRUBBER,1998-08-01,2002-11-11
MODTHREAD,1998-08-01,1999-02-03
MOIL,2013-01-23,2023-04-04
MONSANTO,2001-04-25,2018-04-02
MONSANTO,2018-09-28,2019-06-28
MOREPENLAB,1998-08-01,2005-06-29
MOTHERSON,2001-12-07,2022-05-04
MOTHERSON,2022-10-09,
MOTILALOFS,2009-04-17,
MPHASIS,2000-12-13,
MPSLTD,2003-02-25,2008-11-05
MRF,1998-08-01,
MRPL,1999-05-26,
MSUMI,2022-10-09,
MTARTECH,2022-05-04,2026-05-30
MTEDUCARE,2013-09-27,2016-04-01
MTNL,1998-08-01,2014-03-28
MTNL,2016-04-01,2018-09-28
MUKTAARTS,2001-12-07,2010-04-08
MUNJALAU,2004-04-12,2006-05-17
MUNJALSHOW,1998-08-01,2002-09-19
MUNJALSHOW,2003-01-21,2011-03-25
MUNJALSHOW,2015-03-27,2016-04-01
MUTHOOTFIN,2012-04-27,
NAHARINDUS,1998-08-01,2001-04-25
NAHARPOLY,1998-08-01,2007-01-24
NAHARSPING,1998-08-01,2007-01-24
NAM-INDIA,2018-09-28,
NATCOPHARM,2015-05-29,
NATIONALUM,1999-04-29,
NAUKRI,2008-01-28,
NAVA,2004-03-15,2016-04-01
NAVA,2017-03-31,2022-05-04
NAVA,2026-05-30,
NAVINFLUOR,2016-09-30,
NAVKARCORP,2016-04-01,2019-03-29
NAVNETEDUL,1998-08-01,2016-04-01
NAVNETEDUL,2017-03-31,2018-04-02
NAZARA,2022-05-04,2026-05-30
NBCC,2014-03-28,
NCC,2004-12-10,
NDLVENTURE,2001-10-11,2007-03-29
NELCO,2002-08-13,2012-04-27
NEPCMICON,1998-08-01,2009-03-27
NESCO,2018-04-02,2022-10-09
NESTLEIND,1998-08-01,2003-08-04
NESTLEIND,2019-09-27,
NETWEB,2026-05-30,
NETWORK18,2011-10-10,2020-06-26
NETWORK18,2022-05-04,2026-05-30
NEULANDLAB,2026-05-30,
NEWGEN,2026-05-30,
NEXTMEDIA,2002-04-23,2011-01-20
NFL,2009-03-27,2012-04-27
NFL,2017-09-29,2022-05-04
NH,2016-09-30,
NHPC,2010-04-06,
NIACL,2018-09-28,
NICOLASPIR,2023-04-04,2026-05-30
NIITLTD,2008-02-15,2016-04-01
NIITLTD,2022-10-09,2023-04-04
NILKAMAL,1999-09-08,2013-04-01
NILKAMAL,2016-09-30,2022-05-04
NIPPONDENS,1998-08-01,2002-10-11
NIVABUPA,2026-05-30,
NLCINDIA,2001-12-07,
NMDC,2008-09-10,2022-10-09
NMDC,2023-04-04,
NOCIL,1998-08-01,2004-12-10
NOCIL,2014-09-19,2016-04-01
NOCIL,2022-05-04,2024-02-26
NOIDATOLL,2007-04-04,2016-04-01
NOVARTIND,1998-08-01,2003-05-02
NRBBEARING,2002-09-19,2011-10-10
NSLNISP,2024-02-26,
NTPC,2005-03-24,
NTPCGREEN,2026-05-30,
NUVAMA,2026-05-30,
NUVOCO,2022-05-04,
NYKAA,2022-05-04,
OBEROIRLTY,2011-04-21,
OCL,2016-09-30,2017-01-23
OENCONNECT,2002-04-23,2007-09-10
OFSS,2003-03-17,
OIL,2010-04-15,
OILCOUNTUB,1998-08-01,1999-05-26
OLAELEC,2026-05-30,
OLECTRA,2022-10-09,
OMAXAUTO,2003-12-05,2011-03-25
OMAXE,2008-11-05,2022-05-04
ONELIFECAP,2013-04-01,2013-09-27
ONESOURCE,2026-05-30,
ONGC,2002-06-06,
ONIDA,1998-08-01,2012-09-28
ONWARDTEC,2002-05-21,2007-09-24
ORCHIDPHAR,1998-08-01,2015-09-28
ORIENTCEM,2015-09-28,2022-05-04
ORIENTELEC,2019-03-29,2026-05-30
ORIENTHOT,1998-08-01,2013-04-01
ORIENTPPR,1998-08-01,2013-03-07
OSWALAGRO,1998-08-01,2002-03-29
OSWALGREEN,1998-08-01,2004-03-15
OSWALGREEN,2007-09-24,2016-04-01
PADMINPOLY,2001-06-20,2003-01-21
PAGEIND,2011-10-10,
PAISALO,2012-05-21,2016-04-01
PANACEABIO,2000-12-20,2012-04-27
PARADEEP,2026-05-30,
PARAGMILK,2017-03-31,2020-06-26
PARSVNATH,2007-04-30,2016-09-30
PATANJALI,1998-08-01,2017-09-29
PATANJALI,2022-10-09,
PATELENG,2005-06-29,2016-04-01
PAVCI,2002-09-19,2002-11-11
PAYTM,2022-05-04,
PCBL,1998-08-01,2002-01-17
PCBL,2018-09-28,2020-07-24
PCBL,2022-05-04,
PCJEWELLER,2016-04-01,2020-06-26
PEL,1998-08-01,2008-02-15
PEL,2009-03-27,
PENIND,2015-03-27,2016-04-01
PENINLAND,1998-08-01,2004-12-10
PENINLAND,2010-02-24,2016-04-01
PENTACOMMU,2000-12-13,2006-09-13
PENTSFWARE,1998-08-01,2006-09-13
PERSISTENT,2011-10-10,
PETRONET,2004-12-10,
PFC,2007-09-24,
PFIZER,1998-08-01,
PFOCUS,2012-09-28,2015-03-27
PFOCUS,2026-08-05,
PGEL,2026-05-30,
PGHH,1998-08-01,2003-04-01
PGHH,2004-12-10,2026-05-30
PGHL,1998-08-01,2023-04-04
PGHL,2024-02-26,2026-05-30
PGIL,2008-02-15,2011-03-25
PHARMACIA,1999-12-08,2005-03-04
PIDILITIND,1998-08-01,
PIIND,1998-08-01,2002-04-23
PIIND,2014-03-28,
PILITA,1998-08-01,1999-05-26
PINELABS,2026-05-30,
PIRAMALFIN,2026-05-30,
PNB,2003-03-27,
PNBGILTS,2002-03-29,2011-10-10
PNBHOUSING,2017-05-26,
PNC,2002-05-14,2007-04-04
PNCINFRA,2015-10-19,2026-05-30
POLARIS,2000-05-24,2014-09-19
POLARIS,2016-04-01,2018-02-05
POLICYBZR,2022-05-04,
POLYCAB,2019-09-27,
POLYMED,2020-06-26,
POLYPLEX,2022-05-04,2026-05-30
POONAWALLA,2013-09-27,2020-06-26
POONAWALLA,2022-05-04,
POWERGRID,2008-03-14,
POWERINDIA,2022-05-04,
PPLPHARMA,2023-04-04,
PRAJIND,2003-05-02,2026-05-30
PRAKASH,1998-08-01,1999-05-26
PRAKASH,2012-04-27,2016-04-01
PREMIER,1998-08-01,2000-05-24
PREMIERENE,2026-05-30,
PRESTIGE,2011-05-03,
PRICOLLTD,2002-09-19,2011-10-10
PRIMESECU,1998-08-01,1999-12-08
PRINCEPIPE,2022-05-04,2026-05-30
PRIVISCL,2022-05-04,2023-04-04
PRSMJOHNSN,2002-03-29,2002-09-19
PRSMJOHNSN,2003-01-21,2026-05-30
PSL,2002-09-19,2014-03-28
PTC,2009-10-22,2022-05-04
PTCIL,1998-08-01,1998-10-07
PTCIL,2026-05-30,
PUNJABCHEM,1998-08-01,2002-03-29
PURVA,2009-03-27,2016-09-30
PVP,1999-05-26,2011-03-25
PVRINOX,2013-03-19,
PWL,2026-05-30,
QUESS,2017-03-31,2026-05-30
RADICO,2005-04-20,
RAILTEL,1998-08-01,2001-08-31
RAILTEL,2022-05-04,2022-10-09
RAILTEL,2026-05-30,
RAIN,2002-07-09,2004-03-15
RAIN,2014-06-30,2026-05-30
RAINBOW,2023-04-04,
RAJESHEXPO,2005-09-26,2026-05-30
RAJTV,2013-11-18,2015-03-27
RALLIS,1999-09-08,2026-05-30
RAMANEWS,2004-12-10,2006-08-02
RAMCOCEM,1998-08-01,
RAMCOIND,2000-09-03,2015-09-28
RAMCOSYS,2001-04-25,2011-03-25
RAMCOSYS,2016-04-01,2018-09-28
RATNAMANI,2014-09-19,2016-09-30
RATNAMANI,2017-03-31,2017-09-29
RATNAMANI,2019-09-27,2026-05-30
RAYMOND,1998-08-01,2022-05-04
RAYMOND,2022-10-09,2026-05-30
RAYMONDSYN,1998-08-01,2001-04-25
RBA,2022-05-04,2026-05-30
RBLBANK,2017-01-23,
RCF,1998-08-01,2026-05-30
RCOM,2006-07-10,2019-09-27
RECKCOLMAN,1998-08-01,2003-03-27
RECLTD,2008-09-10,
REDINGTON,2009-10-22,
REGENCERAM,2003-09-11,2006-03-02
RELAXO,2016-04-01,2017-09-29
RELAXO,2017-11-13,2026-05-30
RELIANCE,1998-08-01,
RELIGARE,2008-12-03,2016-04-01
RELIGARE,2016-09-30,2018-09-28
RELINFRA,1998-08-01,2020-06-26
RELMEDIA,2002-03-29,2009-07-31
RELMEDIA,2011-02-08,2012-09-28
RENUKA,2006-04-13,2026-05-30
REPCOHOME,2014-09-19,2022-05-04
RESPONIND,2019-12-26,2020-06-26
RHFL,2018-04-02,2019-09-27
RHIM,2019-09-27,
RICOAUTO,1998-08-01,1999-09-08
RICOAUTO,2003-03-05,2011-10-10
RICOAUTO,2015-09-28,2016-04-01
RIIL,1998-08-01,2017-09-29
RITES,2018-12-28,
RKFORGE,2016-04-01,2019-09-27
RKFORGE,2026-05-30,
ROOFITIND,2000-11-29,2003-03-17
ROSSARI,2022-05-04,2026-05-30
ROUTE,2022-05-04,2026-05-30
RPGCABLES,1998-08-01,2004-12-10
RPGTLTD,1998-08-01,2002-04-23
RPOWER,2008-09-10,2020-06-26
RPOWER,2026-05-30,
RRKABEL,2026-05-30,
RSSOFTWARE,2001-01-10,2004-12-10
RSWM,1998-08-01,2009-04-17
RTNINDIA,2022-05-04,2026-05-30
RTNPOWER,2011-10-10,2015-09-28
RTNPOWER,2016-04-01,2018-09-28
RUPA,2017-09-29,2019-09-27
RUSTOMJEE,2023-04-04,2024-02-26
RVNL,2019-09-27,
SADBHAV,2011-03-25,2022-05-04
SADBHIN,2016-04-01,2016-09-30
SADBHIN,2018-04-02,2019-03-29
SAFARI,2024-02-26,2026-05-30
SAGILITY,2026-05-30,
SAIL,1998-08-01,
SAILIFE,2026-05-30,
SAKHTISUG,1998-08-01,2011-10-10
SAMMAANCAP,2014-03-28,
SANDESH,2000-12-13,2009-03-27
SANOFI,1998-08-01,2026-05-30
SAPPHIRE,2022-05-04,
SARDAEN,2026-05-30,
SAREGAMA,2000-05-10,2011-03-25
SAREGAMA,2022-05-04,2023-04-04
SAREGAMA,2024-02-26,
SAURASHCEM,1998-08-01,2001-12-07
SBFC,2026-05-30,
SBICARD,2020-07-31,
SBILIFE,2018-04-02,
SBIN,1998-08-01,
SCHAEFFLER,1998-08-01,
SCHNEIDER,2016-01-18,2018-04-02
SCHNEIDER,2020-06-26,2022-05-04
SCHNEIDER,2026-05-30,
SCI,1998-08-01,2019-09-27
SCI,2020-06-26,2023-04-04
SCI,2026-05-30,
SEAMECLTD,2000-12-13,2011-10-10
SECURKLOUD,2016-04-01,2019-03-29
SESHAPAPER,1998-08-01,2009-10-22
SFL,2017-06-23,2018-09-28
SFL,2018-12-28,2023-04-04
SFL,2024-02-26,2026-05-30
SHANKARA,2018-04-02,2019-09-27
SHANTIGEAR,2002-07-09,2016-04-01
SHARDACROP,2016-04-01,2018-04-02
SHARDACROP,2019-03-29,2019-09-27
SHARDACROP,2022-10-09,2026-05-30
SHASUNPHAR,2000-02-16,2015-03-27
SHILPAMED,2016-04-01,2018-04-02
SHILPAMED,2018-09-28,2020-06-26
SHILPAMED,2022-05-04,2023-04-04
SHIRPUR-G,2002-09-19,2005-04-20
SHK,2016-04-29,2020-06-26
SHOPERSTOP,2006-01-06,2017-03-31
SHOPERSTOP,2017-09-29,2022-05-04
SHOPERSTOP,2022-10-09,2026-05-30
SHREECEM,1998-08-01,
SHREEKRPET,1998-08-01,1999-02-03
SHREEKRPOL,1998-08-01,1999-02-03
SHREERAMA,2001-08-31,2006-03-02
SHRIRAMFIN,2003-09-05,
SHYAMMETL,2022-05-04,
SHYAMTEL,2000-09-03,2006-07-25
SIEMENS,1998-08-01,
SIGNATURE,2026-05-30,
SILVERLINE,1999-09-08,2003-04-07
SIMPLEXINF,2006-03-02,2017-03-31
SIS,2018-04-02,2023-04-04
SITINET,2008-02-15,2009-03-27
SITINET,2015-09-28,2017-03-31
SJVN,2016-04-01,
SKFINDIA,1998-08-01,2026-05-30
SKUMARSYNF,2002-09-19,2008-04-24
SKUMARSYNF,2008-09-10,2014-09-19
SMARTLINK,2002-04-23,2010-04-08
SMLMAH,2004-01-02,2009-03-27
SMLMAH,2016-04-01,2018-09-28
SNOWMAN,2016-04-01,2018-04-02
SOBHA,2007-09-24,
SOLARA,2022-05-04,2022-10-09
SOLARINDS,2016-04-01,
SOMANYCERA,2016-04-01,2018-04-02
SONACOMS,2022-05-04,
SONATSOFTW,2000-09-03,
SOUTHBANK,2002-03-29,2022-05-04
SPANDANA,2019-12-27,2022-05-04
SPARC,2013-03-07,2013-09-27
SPARC,2014-03-28,2026-05-30
SPECIALSTL,1998-08-01,2002-06-06
SPIC,1998-08-01,2004-12-10
SPICEJET,2019-12-27,
SPICFINE,2001-12-07,2003-04-01
SPLPETRO,1998-08-01,2016-04-01
SPLPETRO,2017-09-29,2018-04-02
SPLPETRO,2026-05-30,
SQRDSFWARE,1999-12-08,2005-09-26
SQUAREDBIO,2000-11-29,2001-12-07
SREINFRA,2002-09-19,2019-09-27
SRF,1998-08-01,
SRIPIPES,2015-09-28,2016-04-01
STAR,2018-09-28,2022-10-09
STARCEMENT,2017-11-20,2022-05-04
STARHEALTH,2022-05-04,
STCINDIA,2003-12-05,2012-04-27
STCINDIA,2016-04-01,2017-09-29
STERLINBIO,2001-12-07,2013-04-01
STLTECH,2001-12-07,2016-01-18
STLTECH,2017-03-31,2026-05-30
STYRENIX,1998-08-01,2009-03-27
STYRENIX,2016-04-01,2016-09-30
SUBROS,1999-05-26,2002-04-23
SUDARSCHEM,1998-08-01,2001-04-25
SUDARSCHEM,2017-03-31,2023-04-04
SUMICHEM,2020-06-26,
SUMMITSEC,1998-08-01,2009-03-27
SUNCLAY,1998-08-01,2008-04-24
SUNCLAY,2019-04-15,2020-06-26
SUNDARMFIN,1999-02-03,2017-11-13
SUNDARMFIN,2018-09-28,
SUNDRMBRAK,2002-09-19,2008-09-10
SUNDRMFAST,1998-08-01,2026-05-30
SUNDROP,1998-08-01,2016-04-01
SUNPHARMA,1998-08-01,
SUNTECK,2010-11-25,2026-05-30
SUNTV,2006-09-22,
SUPRAJIT,2016-09-30,2017-03-31
SUPRAJIT,2017-09-29,2018-04-02
SUPRAJIT,2019-03-29,2026-05-30
SUPREMEIND,1998-08-01,
SUPREMEINF,2012-09-28,2016-04-01
SURYALAXMI,2004-12-10,2005-04-06
SURYAROSNI,2002-09-19,2012-04-27
SUVEN,2015-03-27,2020-01-16
SUZLON,2006-03-23,
SWANCORP,2013-04-01,2022-05-04
SWANCORP,2022-10-09,
SWARAJENG,1998-08-01,2016-04-01
SWIGGY,2026-05-30,
SWSOLAR,2020-03-19,2026-05-30
SYMPHONY,2015-09-28,2023-04-04
SYMPHONY,2024-02-26,2026-05-30
SYNGENE,2016-04-01,
SYRMA,2024-02-26,
TAJGVK,2002-04-23,2012-09-28
TAKE,2016-04-01,2022-05-04
TANLA,2022-05-04,2026-05-30
TARIL,2026-05-30,
TASTYBITE,2019-12-27,2022-05-04
TATACAP,2026-05-30,
TATACHEM,1998-08-01,2019-12-27
TATACHEM,2022-05-04,
TATACOFFEE,2002-07-18,2019-09-27
TATACOMM,1998-08-01,2018-06-29
TATACOMM,2020-06-26,
TATACONSUM,1998-08-01,
TATAELXSI,1998-08-01,
TATAINVEST,1998-08-01,2016-04-01
TATAINVEST,2017-03-31,
TATASTEEL,1998-08-01,
TATASTLBSL,2002-07-09,2002-09-19
TATASTLBSL,2004-07-09,2018-09-28
TATASTLBSL,2020-01-16,
TATASTLLP,1998-08-01,2002-09-19
TATASTLLP,2003-04-07,2019-03-29
TATATECH,2026-05-30,
TATAVASHIS,1999-05-26,2006-03-23
TBOTEK,2026-05-30,
TBZ,2013-04-01,2016-09-30
TCI,2016-04-01,2016-04-29
TCI,2022-10-09,2024-02-26
TCIEXP,2019-09-27,2024-02-26
TCS,2004-12-22,
TDPOWERSYS,2012-04-27,2016-04-01
TEAMLEASE,2018-09-28,2026-05-30
TECHM,2007-01-24,
TECHNOE,2019-09-27,2020-06-26
TECHNOE,2026-05-30,
TEGA,2026-05-30,
TEJASNET,2022-10-09,
TENNIND,2026-05-30,
TFCILTD,1999-02-03,2011-10-10
THELEELA,2026-05-30,
THERMAX,1998-08-01,
THIRUSUGAR,1998-08-01,2009-03-27
THOMASCOOK,1998-08-01,2019-09-27
THYROCARE,2017-03-31,2023-04-04
TI,2014-11-28,2015-03-27
TIINDIA,1998-08-01,2017-05-26
TIINDIA,2018-06-29,
TIMETECHNO,2017-09-29,2022-05-04
TIMKEN,1998-08-01,2002-09-19
TIMKEN,2016-04-01,
TIPSMUSIC,2001-12-07,2007-04-04
TIRUMALCHM,2002-09-19,2003-01-21
TITAGARH,2026-05-30,
TITAN,1998-08-01,
TMB,2023-04-04,2024-02-26
TMCV,1998-08-01,2020-07-24
TMCV,2026-05-30,
TNPETRO,1998-08-01,2011-10-10
TNPL,1998-08-01,2019-09-27
TNTELE,2002-09-19,2005-09-26
TODAYS,2003-05-02,2007-09-24
TORNTPHARM,1998-08-01,
TORNTPOWER,2009-07-31,
TORRENTAEC,1998-08-01,2006-09-21
TRANSPEK,1998-08-01,2002-03-29
TRAVELFOOD,2026-05-30,
TREEHOUSE,2012-04-27,2016-09-30
TRENT,1998-08-01,
TRIDENT,2003-04-01,2011-10-10
TRIDENT,2014-03-28,
TRIGYN,1998-08-01,2007-04-04
TRITURBINE,2016-04-01,2017-09-29
TRITURBINE,2019-03-29,2019-09-27
TRITURBINE,2019-12-27,2020-06-26
TRITURBINE,2022-05-04,
TRIVENI,1998-08-01,1999-02-03
TRIVENI,2006-04-10,2011-05-03
TRIVENI,2022-10-09,2026-05-30
TTKPRESTIG,2012-09-28,2026-05-30
TTML,2002-01-17,2006-03-02
TTML,2016-04-01,2016-09-30
TTML,2022-05-04,
TULIP,2009-06-19,2014-03-28
TV18BRDCST,2007-11-29,
TVSMOTOR,2001-08-31,
TVSSRICHAK,2016-04-01,2019-03-29
TVTODAY,2004-12-10,2012-09-28
TVTODAY,2014-09-19,2016-04-01
TVTODAY,2016-04-29,2022-05-04
UBL,1998-08-01,2002-08-13
UBL,2009-10-22,
UCAL,1998-08-01,2009-10-22
UCOBANK,2004-05-24,2022-10-09
UCOBANK,2023-04-04,
UFLEX,1998-08-01,2024-02-26
UJJIVANSFB,2020-06-26,2022-05-04
UJJIVANSFB,2024-02-26,2026-05-30
ULTRACEMCO,2005-01-05,
UMIYA-MRO,2002-09-19,2009-10-22
UNICHEMLAB,1999-12-08,2019-03-29
UNIONBANK,2003-04-01,
UNITDSPR,2002-09-19,2014-09-19
UNITDSPR,2015-03-27,
UNITECH,1998-08-01,2018-09-28
UNITEDCARB,1998-08-01,2002-07-09
UNITEDPHOS,1998-08-01,2003-12-05
UNOMINDA,2017-03-31,
UPL,2004-08-30,
URBANCO,2026-05-30,
USHAMART,1998-08-01,2016-04-01
USHAMART,2024-02-26,
UTIAMC,2022-05-04,
UTTAMSTL,1998-08-01,2016-04-01
UTTAMSUGAR,2007-04-04,2009-10-22
UTTAMVALUE,1998-08-01,2002-03-29
V2RETAIL,2009-03-27,2011-03-25
VAIBHAVGBL,2014-03-28,2016-09-30
VAIBHAVGBL,2019-09-24,2026-05-30
VAKRANGEE,2012-09-28,2022-10-09
VALUEIND,1998-08-01,2009-10-22
VARDMNPOLY,1999-02-03,2002-09-19
VARDMNPOLY,2003-05-23,2008-09-10
VARROC,2018-12-28,2026-05-30
VBL,2017-05-26,
VEDL,1998-08-01,2020-07-31
VENKEYS,2002-08-20,2015-03-27
VENKEYS,2018-09-28,2022-10-09
VESUVIUS,1998-08-01,2016-04-01
VESUVIUS,2017-09-29,2018-04-02
VESUVIUS,2020-06-26,2022-05-04
VGUARD,2016-04-01,2026-05-30
VHL,1998-08-01,2002-09-19
VHL,2003-03-06,2005-04-13
VIDEOIND,2006-07-14,2018-03-13
VIJAYA,2022-05-04,
VINATIORGA,2015-03-27,2026-05-30
VINDHYATEL,1998-08-01,2009-03-27
VINYLINDIA,1998-08-01,2006-03-02
VIPIND,1998-08-01,2026-05-30
VISAKAIND,2003-10-01,2008-09-10
VISUALSOFT,2000-05-24,2007-04-30
VIVIDHA,2015-05-29,2016-04-01
VIYASH,2016-09-30,2017-03-31
VIYASH,2020-06-26,2022-10-09
VLSFINANCE,1998-08-01,2002-07-09
VMART,2018-09-28,2026-05-30
VMM,2026-05-30,
VOLTAS,1998-08-01,
VRLLOG,2015-09-28,2022-05-04
VSTIND,1998-08-01,2017-09-29
VSTIND,2019-03-29,2022-05-04
VTL,1998-08-01,2002-09-19
VTL,2003-01-21,2011-03-25
VTL,2013-09-27,
WAAREEENER,2026-05-30,
WABAG,2014-09-19,2020-06-26
WABCOINDIA,2012-04-27,
WARTSILA,1998-08-01,2003-05-02
WELCORP,2004-06-14,2005-04-20
WELCORP,2006-10-05,2013-11-18
WELCORP,2014-09-19,
WELSPUNLIV,2004-07-09,2009-06-19
WELSPUNLIV,2013-04-01,
WESTLIFE,2019-12-27,2026-05-30
WHEELS,2002-09-19,2009-03-27
WHEELS,2014-09-19,2016-04-01
WHIRLPOOL,1998-08-01,2003-08-11
WHIRLPOOL,2011-03-25,
WINDMACHIN,1998-08-01,2002-04-23
WINSOMEDJ,1998-08-01,2002-09-19
WIPRO,1998-08-01,2013-04-01
WIPRO,2013-08-07,
WOCKPHARMA,2000-05-24,2012-04-27
WOCKPHARMA,2013-04-01,2023-04-04
WOCKPHARMA,2026-05-30,
WONDERLA,2016-04-01,2017-09-29
WOOLWORTH,1998-08-01,2000-12-13
WSTCSTPAPR,2002-07-09,2014-09-19
WYETH,1998-08-01,2014-05-12
YESBANK,2009-10-22,2020-03-19
YESBANK,2022-05-04,
ZANDUREALT,1998-08-01,2009-12-22
ZEEL,1998-08-01,2010-10-07
ZEEL,2011-03-25,
ZEELEARN,2016-04-01,2018-09-28
ZEEMEDIA,2008-02-29,2010-04-15
ZENSARTECH,1998-08-01,2018-04-02
ZENSARTECH,2018-09-28,
ZENTEC,2026-05-30,
ZFCVINDIA,2022-05-04,
ZUARIIND,1998-08-01,2012-04-09
ZYDUSLIFE,2001-04-25,2008-12-29
ZYDUSLIFE,2009-04-21,
ZYDUSWELL,2011-03-25,2017-09-29
ZYDUSWELL,2018-09-28,
